id,name,description,image,category
P.101,Đường cấm,Cấm tất cả các loại phương tiện đi lại theo cả hai hướng (ngoại trừ các xe ưu tiên),https://upload.wikimedia.org/wikipedia/commons/thumb/5/5b/Vietnam_road_sign_P101.svg/1024px-Vietnam_road_sign_P101.svg.png,1
P.102,Cấm đi ngược chiều,Cấm tất các các loại phương tiện đi vào theo chiều đặt biển (ngoại trừ các xe ưu tiên),https://upload.wikimedia.org/wikipedia/commons/thumb/f/f3/Vietnam_road_sign_P102.svg/1024px-Vietnam_road_sign_P102.svg.png,1
P.103a,Cấm xe ô tô,"Cấm tất cả các loại xe cơ giới, kể cả xe ba bánh có thùng đi qua, ngoại trừ xe gắn máy, xe máy hai bánh và các xe ưu tiên)",https://upload.wikimedia.org/wikipedia/commons/thumb/9/9c/Vietnam_road_sign_P103a.svg/1024px-Vietnam_road_sign_P103a.svg.png,1
P.103c,Cấm xe ô tô rẽ trái,"Cấm tất cả các loại xe cơ giới, kể cả xe ba bánh có thùng rẽ trái, ngoại trừ xe gắn máy, xe máy hai bánh và các xe ưu tiên",https://upload.wikimedia.org/wikipedia/commons/thumb/2/2b/Vietnam_road_sign_P103c.svg/1024px-Vietnam_road_sign_P103c.svg.png,1
P.103b,Cấm xe ô tô rẽ phải,"Cấm tất cả các loại xe cơ giới, kể cả xe ba bánh có thùng rẽ phải, ngoại trừ xe gắn máy, xe máy hai bánh và các xe ưu tiên",https://upload.wikimedia.org/wikipedia/commons/thumb/a/af/Vietnam_road_sign_P103b.svg/1024px-Vietnam_road_sign_P103b.svg.png,1
P.104,Cấm xe mô tô,"Cấm tất cả xe mô tô đi vào, ngoại trừ các loại xe được ưu tiên",https://upload.wikimedia.org/wikipedia/commons/thumb/5/54/Vietnam_road_sign_P104.svg/1024px-Vietnam_road_sign_P104.svg.png,1
P.105,Cấm xe ô tô và xe mô tô,"Cấm tất cả các loại xe ô tô và xe máy đi qua, ngoại trừ các loại xe gắn máy và xe được ưu tiên",https://upload.wikimedia.org/wikipedia/commons/thumb/e/e2/Vietnam_road_sign_P105.svg/1024px-Vietnam_road_sign_P105.svg.png,1
P.106a,Cấm xe ô tô tải,"Cấm tất cả các loại ôtô tải có tải trọng từ 1,5 tấn trở lên, kể cả máy kéo và các xe máy chuyên dùng. Không áp dụng với xe ưu tiên.",https://upload.wikimedia.org/wikipedia/commons/thumb/2/27/Vietnam_road_sign_P106a.svg/1024px-Vietnam_road_sign_P106a.svg.png,1
P.106b,Cấm xe ô tô tải ,"Cấm tất cả các loại ôtô tải có tổng trọng lượng vượt quá chỉ số ghi trên biển, kể cả máy kéo và các xe máy chuyên dùng",https://upload.wikimedia.org/wikipedia/commons/thumb/3/31/Vietnam_road_sign_P106b.svg/1024px-Vietnam_road_sign_P106b.svg.png,1
P.106c,Cấm các xe chở hàng nguy hiểm,Cấm các phương tiện chở hàng nguy hiểm đi qua,https://upload.wikimedia.org/wikipedia/commons/thumb/4/4a/Vietnam_road_sign_P106c.svg/1024px-Vietnam_road_sign_P106c.svg.png,1
P.107,Cấm xe ô tô khách và xe ô tô tải,"Cấm các loại xe tải và ô tô chở khách, xe máy thi công chuyên dùng và các loại máy kéo đi vào. Không áp dụng với xe ưu tiên",https://upload.wikimedia.org/wikipedia/commons/thumb/7/7e/Vietnam_road_sign_P107.svg/1024px-Vietnam_road_sign_P107.svg.png,1
P.107a,Cấm xe ô tô khách,"Cấm xe ô tô chở khách đi vào, ngoại trừ các xe ưu tiên.",https://upload.wikimedia.org/wikipedia/commons/thumb/0/0f/Vietnam_road_sign_P107a.svg/1024px-Vietnam_road_sign_P107a.svg.png,1
P.107b,Cấm xe ô tô taxi,Cấm xe ô tô chở khách đi vào,https://upload.wikimedia.org/wikipedia/commons/thumb/5/5c/Vietnam_road_sign_P107b.svg/1024px-Vietnam_road_sign_P107b.svg.png,1
P.108,Cấm xe kéo rơ-moóc,"Cấm các loại máy kéo, xe máy, xe khách, xe cơ giới kéo theo rơ-moóc đi vào. Ngoại trừ ô tô sơ-mi-rơ-moóc và các xe (kéo theo rơ-moóc) được ưu tiên.",https://upload.wikimedia.org/wikipedia/commons/thumb/0/09/Vietnam_road_sign_P108.svg/1024px-Vietnam_road_sign_P108.svg.png,1
P.108a,Cấm xe sơ-mi-rơ-moóc,"Cấm các loại xe sơ-mi-rơ-moóc, máy kéo, xe máy, xe khách, xe cơ giới kéo theo rơ-moóc đi vào. Không áp dụng với xe ưu tiên.",https://upload.wikimedia.org/wikipedia/commons/thumb/5/5c/Vietnam_road_sign_P108a.svg/1024px-Vietnam_road_sign_P108a.svg.png,1
P.109,Cấm máy kéo,"Cấm các loại xe máy kéo, máy kéo bánh xích, máy kéo bánh hơi đi vào.",https://upload.wikimedia.org/wikipedia/commons/thumb/b/b5/Vietnam_road_sign_P109.svg/1024px-Vietnam_road_sign_P109.svg.png,1
P.110a,Cấm xe đạp,Cấm xe đạp chạy vào,https://upload.wikimedia.org/wikipedia/commons/thumb/5/5b/Vietnam_road_sign_P110a.svg/1024px-Vietnam_road_sign_P110a.svg.png,1
P.110b,Cấm xe đạp thồ,Cấm xe đạp thồ chạy vào,https://upload.wikimedia.org/wikipedia/commons/thumb/8/85/Vietnam_road_sign_P110b.svg/1024px-Vietnam_road_sign_P110b.svg.png,1
P.111a,Cấm xe gắn máy,Cấm tất cả xe máy và xe gắn máy đi vào khu vực này,https://upload.wikimedia.org/wikipedia/commons/thumb/f/f6/Vietnam_road_sign_P111a.svg/1024px-Vietnam_road_sign_P111a.svg.png,1
P.111b,Cấm xe ba bánh loại có động cơ (xe lam),Cấm các loại xe ba bánh có động cơ như xe lam,https://upload.wikimedia.org/wikipedia/commons/thumb/6/66/Vietnam_road_sign_P111b.svg/1024px-Vietnam_road_sign_P111b.svg.png,1
P.111c,Cấm xe ba bánh loại có động cơ (xích lô máy),Cấm các loại xe ba bánh có động cơ như xe lôi máy,https://upload.wikimedia.org/wikipedia/commons/thumb/0/0f/Vietnam_road_sign_P111c.svg/1024px-Vietnam_road_sign_P111c.svg.png,1
P.111d,Cấm xe ba bánh không có động cơ (xích lô),Cấm các loại xe ba bánh không có động cơ như xe xích lô,https://upload.wikimedia.org/wikipedia/commons/thumb/3/35/Vietnam_road_sign_P111d.svg/1024px-Vietnam_road_sign_P111d.svg.png,1
P.112,Cấm người đi bộ,Cấm những người đi bộ qua khu vực này,https://upload.wikimedia.org/wikipedia/commons/thumb/6/6f/Vietnam_road_sign_P112.svg/1024px-Vietnam_road_sign_P112.svg.png,1
P.113,Cấm xe người kéo đẩy,"Cấm xe do người đẩy/kéo, xe thô sơ đi vào. Không áp dụng cho phương tiện dành cho người khuyết tật và xe nôi trẻ em",https://upload.wikimedia.org/wikipedia/commons/thumb/a/ad/Vietnam_road_sign_P113.svg/1024px-Vietnam_road_sign_P113.svg.png,1
P.114,Cấm xe súc vật kéo,Cấm xe do súc vật kéo hay chở trên lưng đi qua khu vực này,https://upload.wikimedia.org/wikipedia/commons/thumb/4/4b/Vietnam_road_sign_P114.svg/1024px-Vietnam_road_sign_P114.svg.png,1
P.115,Hạn chế trọng lượng xe,Cấm các phương tiện xe cơ giới và xe thô sơ (áp dụng cả xe ưu tiên) có trọng tải toàn bộ xe vượt quá số quy định được ghi trên biển báo cấm,https://upload.wikimedia.org/wikipedia/commons/thumb/0/03/Vietnam_road_sign_P115.svg/1024px-Vietnam_road_sign_P115.svg.png,1
P.116,Hạn chế trọng lượng trên trục xe,Cấm các phương tiện xe cơ giới và xe thô sơ (áp dụng cả xe ưu tiên) có trọng tải toàn bộ xe phân bổ trên một trục xe vượt quá số quy định trên bảng cấm,https://upload.wikimedia.org/wikipedia/commons/thumb/8/82/Vietnam_road_sign_P116.svg/1024px-Vietnam_road_sign_P116.svg.png,1
P.117,Hạn chế chiều cao,Cấm các phương tiện xe cơ giới và xe thô sơ (áp dụng cả xe ưu tiên) có chiều cao vượt quá số quy định được ghi trên bảng cấm,https://upload.wikimedia.org/wikipedia/commons/thumb/7/7e/Vietnam_road_sign_P117.svg/1024px-Vietnam_road_sign_P117.svg.png,1
P.118,Hạn chế chiều ngang,Cấm các phương tiện xe cơ giới và xe thô sơ (áp dụng cả xe ưu tiên) có chiều ngang vượt quá số quy định được ghi trên bảng cấm,https://upload.wikimedia.org/wikipedia/commons/thumb/8/83/Vietnam_road_sign_P118.svg/1024px-Vietnam_road_sign_P118.svg.png,1
P.119,Hạn chế chiều dài ô tô,Cấm các phương tiện xe cơ giới và xe thô sơ (áp dụng cả xe ưu tiên) có chiều dài vượt quá số quy định được ghi trên bảng cấm,https://upload.wikimedia.org/wikipedia/commons/thumb/3/3e/Vietnam_road_sign_P119.svg/1024px-Vietnam_road_sign_P119.svg.png,1
P.120,"Hạn chế chiều dài ô tô, máy kéo rơ-moóc hoặc sơ-mi-rơ-moóc",Cấm các phương tiện xe cơ giới và xe thô sơ (áp dụng cả xe ưu tiên) kéo theo moóc và xe ô tô sơmi rơ-moóc có chiều dài vượt quá số quy định được ghi trên bảng cấm,https://upload.wikimedia.org/wikipedia/commons/thumb/6/69/Vietnam_road_sign_P120.svg/1024px-Vietnam_road_sign_P120.svg.png,1
P.121,Cự ly tối thiểu giữa hai xe,Các xe ô tô phải di chuyển cách nhau bằng hoặc xa hơn số được ghi trên bảng cấm,https://upload.wikimedia.org/wikipedia/commons/thumb/e/ec/Vietnam_road_sign_P121.svg/1024px-Vietnam_road_sign_P121.svg.png,1
P.122,Dừng lại,"Đây là biển hiệu lệnh dạng đặc biệt. Biển có hiệu lực buộc các xe cơ giới và thô sơ kể cả các xe được ưu tiên theo luật lệ Nhà nước quy định dừng lại trước biển hoặc trước vạch ngang đường và chỉ được phép đi khi thấy các tín hiệu (do người điều khiển giao thông hoặc đèn, cờ) cho phép đi.",https://upload.wikimedia.org/wikipedia/commons/thumb/7/76/Vietnam_road_sign_P122.svg/1024px-Vietnam_road_sign_P122.svg.png,3
P.123a,Cấm rẽ trái (không cấm quay đầu xe),"Cấm xe cơ giới và xe thơ sơ (trừ xe ưu tiên) rẽ trái, không áp dụng trường hợp quay đầu xe. Không áp dụng với",https://upload.wikimedia.org/wikipedia/commons/thumb/7/7c/Vietnam_road_sign_P123a.svg/1024px-Vietnam_road_sign_P123a.svg.png,1
P.123b,Cấm rẽ phải,"Cấm xe cơ giới và xe thơ sơ (trừ xe ưu tiên) rẽ phải, không áp dụng trường hợp quay đầu xe.",https://upload.wikimedia.org/wikipedia/commons/thumb/2/28/Vietnam_road_sign_P123b.svg/1024px-Vietnam_road_sign_P123b.svg.png,1
P.124a1,Cấm quay xe (được rẽ trái),Cấm xe quay đầu theo kiểu chữ U như hướng quay trên biển báo cấm,https://upload.wikimedia.org/wikipedia/commons/thumb/a/a5/Vietnam_road_sign_P124a1.svg/1024px-Vietnam_road_sign_P124a1.svg.png,1
P.124a2,Cấm quay xe (được rẽ trái),Cấm xe quay đầu theo kiểu chữ U như hướng quay trên biển báo cấm,https://upload.wikimedia.org/wikipedia/commons/thumb/b/bb/Vietnam_road_sign_P124a2.svg/1024px-Vietnam_road_sign_P124a2.svg.png,1
P.124b1,Cấm ô tô quay đầu xe (được rẽ trái),Cấm xe ba bánh và xe ô tô quay đầu xe theo kiểu chữ U như hướng quay trên biển báo cấm,https://upload.wikimedia.org/wikipedia/commons/thumb/1/1e/Vietnam_road_sign_P124b1.svg/1024px-Vietnam_road_sign_P124b1.svg.png,1
P.124b2,Cấm ô tô quay đầu xe (được rẽ phải)),Cấm xe ba bánh và xe ô tô quay đầu xe theo kiểu chữ U như hướng quay trên biển báo cấm,https://upload.wikimedia.org/wikipedia/commons/thumb/a/a2/Vietnam_road_sign_P124b2.svg/1024px-Vietnam_road_sign_P124b2.svg.png,1
P.124c,Cấm rẽ trái và quay xe,Cấm xe rẽ trái/ phải và quay đầu xe theo kiểu chữ U như hướng quay trên biển báo cấm,https://upload.wikimedia.org/wikipedia/commons/thumb/0/06/Vietnam_road_sign_P124c.svg/1024px-Vietnam_road_sign_P124c.svg.png,1
P.124d,Cấm rẽ phải và quay xe,Cấm xe rẽ trái/ phải và quay đầu xe theo kiểu chữ U như hướng quay trên biển báo cấm,https://upload.wikimedia.org/wikipedia/commons/thumb/f/f6/Vietnam_road_sign_P124d.svg/1024px-Vietnam_road_sign_P124d.svg.png,1
P.124f,Cấm ô tô rẽ phải và quay xe,Cấm xe ô tô hay xe ba bánh rẽ trái/ phải và quay đầu xe theo kiểu chữ U như hướng quay trên biển báo cấm,https://upload.wikimedia.org/wikipedia/commons/thumb/3/3d/Vietnam_road_sign_P124f.svg/1024px-Vietnam_road_sign_P124f.svg.png,1
P.124e,Cấm ô tô rẽ trái và quay xe,Cấm xe ô tô hay xe ba bánh rẽ trái/ phải và quay đầu xe theo kiểu chữ U như hướng quay trên biển báo cấm,https://upload.wikimedia.org/wikipedia/commons/thumb/e/e8/Vietnam_road_sign_P124e.svg/1024px-Vietnam_road_sign_P124e.svg.png,1
P.125,Cấm vượt,"Cấm các phương tiện xe cơ giới vượt nhau, áp dụng kể cả xe ưu tiên. Được phép vượt xe gắn máy, xe hai bánh",https://upload.wikimedia.org/wikipedia/commons/thumb/0/0a/Vietnam_road_sign_P125.svg/1024px-Vietnam_road_sign_P125.svg.png,1
P.126,Cấm ô tô tải vượt,Cấm phương tiện ô tô tải vượt các loại xe cơ giới,https://upload.wikimedia.org/wikipedia/commons/thumb/e/e7/Vietnam_road_sign_P126.svg/1024px-Vietnam_road_sign_P126.svg.png,1
P.127,Tốc độ tối đa cho phép (20 km/h),Cấm phương tiện xe cơ giới chạy quá tốc độ trên biển ngoại trừ xe ưu tiên,https://upload.wikimedia.org/wikipedia/commons/thumb/4/4c/Vietnam_road_sign_P127-20.svg/1024px-Vietnam_road_sign_P127-20.svg.png,1
P.127,Tốc độ tối đa cho phép (30 km/h),Cấm phương tiện xe cơ giới chạy quá tốc độ trên biển ngoại trừ xe ưu tiên,https://upload.wikimedia.org/wikipedia/commons/thumb/7/79/Vietnam_road_sign_P127-30.svg/1024px-Vietnam_road_sign_P127-30.svg.png,1
P.127,Tốc độ tối đa cho phép (40km/h),Cấm phương tiện xe cơ giới chạy quá tốc độ trên biển ngoại trừ xe ưu tiên,https://upload.wikimedia.org/wikipedia/commons/thumb/0/09/Vietnam_road_sign_P127-40.svg/1024px-Vietnam_road_sign_P127-40.svg.png,1
P.127,Tốc độ tối đa cho phép (50 km/h),Cấm phương tiện xe cơ giới chạy quá tốc độ trên biển ngoại trừ xe ưu tiên,https://upload.wikimedia.org/wikipedia/commons/thumb/b/b0/Vietnam_road_sign_P127-50.svg/1024px-Vietnam_road_sign_P127-50.svg.png,1
P.127,Tốc độ tối đa cho phép (60 km/h),Cấm phương tiện xe cơ giới chạy quá tốc độ trên biển ngoại trừ xe ưu tiên,https://upload.wikimedia.org/wikipedia/commons/thumb/a/a1/Vietnam_road_sign_P127-60.svg/1024px-Vietnam_road_sign_P127-60.svg.png,1
P.127,Tốc độ tối đa cho phép (70 km/h),Cấm phương tiện xe cơ giới chạy quá tốc độ trên biển ngoại trừ xe ưu tiên,https://upload.wikimedia.org/wikipedia/commons/thumb/b/be/Vietnam_road_sign_P127-70.svg/1024px-Vietnam_road_sign_P127-70.svg.png,1
P.127,Tốc độ tối đa cho phép (80 km/h),Cấm phương tiện xe cơ giới chạy quá tốc độ trên biển ngoại trừ xe ưu tiên,https://upload.wikimedia.org/wikipedia/commons/thumb/1/10/Vietnam_road_sign_P127-80.svg/1024px-Vietnam_road_sign_P127-80.svg.png,1
P.127,Tốc độ tối đa cho phép (90 km/h),Cấm phương tiện xe cơ giới chạy quá tốc độ trên biển ngoại trừ xe ưu tiên,https://upload.wikimedia.org/wikipedia/commons/thumb/e/e0/Vietnam_road_sign_P127-90.svg/1024px-Vietnam_road_sign_P127-90.svg.png,1
P.127a,Tốc độ tối đa cho phép về ban đêm,"Cấm phương tiện xe cơ giới chạy quá tốc độ trên biển ngoại trừ xe ưu tiên, biển cấm chỉ áp dụng vào ban đêm",https://upload.wikimedia.org/wikipedia/commons/thumb/4/41/Vietnam_road_sign_P127a.svg/1024px-Vietnam_road_sign_P127a.svg.png,1
P.127b,Giới hạn tốc độ theo làn đường,"Biển báo quy định tốc độ tối đa cho phép trên từng làn đường. Xe chạy trên làn nào phải tuân thủ tốc độ tối đa cho phép trên làn đường đó. Biển đặt bên đường hoặc treo trên giá long môn, cột cần vươn.",https://upload.wikimedia.org/wikipedia/commons/thumb/3/36/Vietnam_road_sign_P127b.svg/1024px-Vietnam_road_sign_P127b.svg.png,1
P.127c,Giới hạn tốc độ theo phương tiện trên từng làn đường,Biển báo quy định tốc độ tối đa cho phép theo phương tiện trên từng làn đường. Các loại phương tiện phải đi đúng làn đường và tuân thủ tốc độ tối đa cho phép trên làn đường đó. Biển đặt bên đường hoặc treo trên cột cần vươn hay giá long môn. Biểu tượng trên biển có thể thay đổi theo điều kiện sử dụng thực tế.,https://upload.wikimedia.org/wikipedia/commons/thumb/0/00/Vietnam_road_sign_P127c.svg/1024px-Vietnam_road_sign_P127c.svg.png,1
P.127d,Hết hạn chế tốc độ tối đa cho phép theo làn đường,"Biển báo báo hết đoạn đường tốc độ tối đa cho phép theo biển ghép P.127b, P.127c. Kể từ biển này, các xe được phép chạy với tốc độ tối đa đã quy định trong Luật Giao thông đường bộ.",https://upload.wikimedia.org/wikipedia/commons/thumb/4/4b/Vietnam_road_sign_P127d.svg/1024px-Vietnam_road_sign_P127d.svg.png,1
P.127e,Hết hạn chế tốc độ tối đa cho phép theo phương tiện trên từng làn đường,"Biển báo báo hết đoạn đường tốc độ tối đa cho phép theo biển ghép P.127b, P.127c. Kể từ biển này, các xe được phép chạy với tốc độ tối đa đã quy định trong Luật Giao thông đường bộ.",https://upload.wikimedia.org/wikipedia/commons/thumb/b/b0/Vietnam_road_sign_P127e.svg/1024px-Vietnam_road_sign_P127e.svg.png,1
P.128,Cấm sử dụng còi,Cấm tất cả phương tiện sử dụng còi/ kèn xe (có thể kèm theo biển S501: Phạm vi tác dụng của biển),https://upload.wikimedia.org/wikipedia/commons/thumb/2/27/Vietnam_road_sign_P128.svg/1024px-Vietnam_road_sign_P128.svg.png,1
P.129,Kiểm tra,Các phương tiện đi qua phải dừng lại để kiểm tra,https://upload.wikimedia.org/wikipedia/commons/thumb/d/d4/Vietnam_road_sign_P129.svg/1024px-Vietnam_road_sign_P129.svg.png,1
P.130,Cấm dừng xe và đỗ xe,"Cấm các phương tiện xe cơ giới dừng và đỗ xe ngoại trừ những xe được ưu tiên.
Hiệu lực cấm của biển bắt đầu từ vị trí đặt biển đến nơi đường giao nhau hoặc đến vị trí quy định đỗ xe, dừng xe (hoặc đến vị trí đặt biển số P.135 ""Hết tất cả các lệnh cấm"" nếu đồng thời có nhiều biển cấm khác hết tác dụng).",https://upload.wikimedia.org/wikipedia/commons/thumb/7/7b/Vietnam_road_sign_P130.svg/1024px-Vietnam_road_sign_P130.svg.png,1
P.131a,Cấm đỗ xe,Biển báo báo nơi cấm đỗ xe trừ các xe được ưu tiên theo quy định.,https://upload.wikimedia.org/wikipedia/commons/thumb/2/22/Vietnam_road_sign_P131a.svg/1024px-Vietnam_road_sign_P131a.svg.png,1
P.131b,Cấm đỗ xe vào ngày lẻ,Biển báo báo nơi cấm đỗ xe vào ngày ăn lẻ trừ các xe được ưu tiên theo quy định.,https://upload.wikimedia.org/wikipedia/commons/thumb/b/b8/Vietnam_road_sign_P131b.svg/1024px-Vietnam_road_sign_P131b.svg.png,1
P.131c,Cấm đỗ xe vào ngày chẵn,Biển báo báo nơi cấm đỗ xe vào ngày ăn chẵn trừ các xe được ưu tiên theo quy định.,https://upload.wikimedia.org/wikipedia/commons/thumb/c/cc/Vietnam_road_sign_P131c.svg/1024px-Vietnam_road_sign_P131c.svg.png,1
P.132,Nhường đường cho xe cơ giới đi ngược chiều qua đường hẹp,"Các xe cơ giới và xe thô sơ, kể cả những loại xe ưu tiên phải nhường đường cho xe cơ giới đi ngược chiều qua đường hẹp",https://upload.wikimedia.org/wikipedia/commons/thumb/1/15/Vietnam_road_sign_P132.svg/1024px-Vietnam_road_sign_P132.svg.png,1
P.133,Hết cấm vượt,Hết đoạn đường bị cấm vượt,https://upload.wikimedia.org/wikipedia/commons/thumb/9/92/Vietnam_road_sign_P133.svg/1024px-Vietnam_road_sign_P133.svg.png,1
P.134,Hết hạn chế tốc độ tối đa,Hết đoạn đường hạn chế tốc độ,https://upload.wikimedia.org/wikipedia/commons/thumb/5/57/Vietnam_road_sign_P134.svg/1024px-Vietnam_road_sign_P134.svg.png,1
P.135,Hết tất cả các lệnh cấm,Hết đoạn đường áp dụng biển báo cấm,https://upload.wikimedia.org/wikipedia/commons/thumb/0/04/Vietnam_road_sign_P135.svg/1024px-Vietnam_road_sign_P135.svg.png,1
P.136,Cấm đi thẳng,Cấm xe cơ giới và xe thô sơ đi thẳng,https://upload.wikimedia.org/wikipedia/commons/thumb/3/32/Vietnam_road_sign_P136.svg/1024px-Vietnam_road_sign_P136.svg.png,1
P.137,Cấm rẽ trái và rẽ phải,Cấm xe cơ giới không được rẽ trái và rẽ phải. Nếu có quy định thời gian cấm sẽ có biển phụ phía dưới,https://upload.wikimedia.org/wikipedia/commons/thumb/7/70/Vietnam_road_sign_P137.svg/1024px-Vietnam_road_sign_P137.svg.png,1
P.138,Cấm đi thẳng và rẽ trái,Cấm xe cơ giới không được đi thẳng và rẽ trái. Nếu có quy định thời gian cấm sẽ có biển phụ phía dưới,https://upload.wikimedia.org/wikipedia/commons/thumb/f/f9/Vietnam_road_sign_P138.svg/1024px-Vietnam_road_sign_P138.svg.png,1
P.139,Cấm đi thẳng và rẽ phải,Cấm xe cơ giới không được đi thẳng và rẽ phải. Nếu có quy định thời gian cấm sẽ có biển phụ phía dưới,https://upload.wikimedia.org/wikipedia/commons/thumb/8/85/Vietnam_road_sign_P139.svg/1024px-Vietnam_road_sign_P139.svg.png,1
P.140,Cấm xe công nông và các loại xe tương tự,Cấm xe công nông hoặc các xe tương tự đi vào,https://upload.wikimedia.org/wikipedia/commons/thumb/2/2c/Vietnam_road_sign_P140.svg/1024px-Vietnam_road_sign_P140.svg.png,1
W.201a,Chỗ ngoặt nguy hiểm vòng bên trái,Cảnh báo người lái phía trước có chỗ ngoặt nguy hiểm vòng ở bên trái,https://upload.wikimedia.org/wikipedia/commons/thumb/4/43/Vietnam_road_sign_W201a.svg/1024px-Vietnam_road_sign_W201a.svg.png,2
W.201b,Chỗ ngoặt nguy hiểm vòng bên phải,Cảnh báo người lái phía trước có chỗ ngoặt nguy hiểm vòng ở bên phải,https://upload.wikimedia.org/wikipedia/commons/thumb/0/03/Vietnam_road_sign_W201b.svg/1024px-Vietnam_road_sign_W201b.svg.png,2
W.201c,Chỗ ngoặt nguy hiểm có nguy cơ lật xe bên phải (đường cong vòng sang trái),"Nhắc nhở phía trước đến chỗ ngoặt, nguy cơ dễ lật xe ở bên phải khi đường cong vòng sang trái.",https://upload.wikimedia.org/wikipedia/commons/thumb/9/95/Vietnam_road_sign_W201c.svg/1024px-Vietnam_road_sign_W201c.svg.png,2
W.201d,Chỗ ngoặt nguy hiểm có nguy cơ lật xe bên trái (đường cong vòng sang phải),"Nhắc nhở phía trước đến chỗ ngoặt, nguy cơ dễ lật xe ở bên trái khi đường cong vòng sang phải.",https://upload.wikimedia.org/wikipedia/commons/thumb/8/8e/Vietnam_road_sign_W201d.svg/1024px-Vietnam_road_sign_W201d.svg.png,2
W.202a,"Nhiều chỗ ngoặt nguy hiểm liên tiếp, chỗ đầu tiên sang trái","Khu vực có từ 2 chỗ ngoặt liên tiếp ở gần nhau, chỗ ngoặt đầu tiên hướng vòng bên trái.",https://upload.wikimedia.org/wikipedia/commons/thumb/4/44/Vietnam_road_sign_W202a.svg/1024px-Vietnam_road_sign_W202a.svg.png,2
W.202b,"Nhiều chỗ ngoặt nguy hiểm liên tiếp, chỗ đầu tiên sang phải","Khu vực có từ 2 chỗ ngoặt liên tiếp ở gần nhau, chỗ ngoặt đầu tiên hướng vòng bên phải",https://upload.wikimedia.org/wikipedia/commons/thumb/e/e4/Vietnam_road_sign_W202b.svg/1024px-Vietnam_road_sign_W202b.svg.png,2
W.203a,Đường bị thu hẹp cả hai bên,Cả hai bên đường đều bị thu hẹp.,https://upload.wikimedia.org/wikipedia/commons/thumb/a/ad/Vietnam_road_sign_W203a.svg/1024px-Vietnam_road_sign_W203a.svg.png,2
W.203b,Đường bị thu hẹp về phía trái,Đường bị thu hẹp bên trái.,https://upload.wikimedia.org/wikipedia/commons/thumb/4/44/Vietnam_road_sign_W203b.svg/1024px-Vietnam_road_sign_W203b.svg.png,2
W.203c,Đường bị thu hẹp về phía phải,Đường bị thu hẹp bên phải.,https://upload.wikimedia.org/wikipedia/commons/thumb/c/c1/Vietnam_road_sign_W203c.svg/1024px-Vietnam_road_sign_W203c.svg.png,2
W.204,Đường hai chiều,"Cảnh báo sắp đến đoạn đường có trở ngại hoặc đang sửa chữa, cần phải tổ chức đi lại cả hai chiều.",https://upload.wikimedia.org/wikipedia/commons/thumb/6/6e/Vietnam_road_sign_W204.svg/1024px-Vietnam_road_sign_W204.svg.png,2
W.205a,Đường giao nhau (ngã tư),"Cảnh báo sắp đến nơi giao nhau của các tuyến đường cùng cấp, không có ưu tiên.",https://upload.wikimedia.org/wikipedia/commons/thumb/c/cf/Vietnam_road_sign_W205a.svg/1024px-Vietnam_road_sign_W205a.svg.png,2
W.205b,Đường giao nhau (ngã ba bên trái),"Cảnh báo sắp đến nơi giao nhau của các tuyến đường cùng cấp, không có ưu tiên.",https://upload.wikimedia.org/wikipedia/commons/thumb/e/e3/Vietnam_road_sign_W205b.svg/1024px-Vietnam_road_sign_W205b.svg.png,2
W.205c,Đường giao nhau (ngã ba bên phải),"Cảnh báo sắp đến nơi giao nhau của các tuyến đường cùng cấp, không có ưu tiên.",https://upload.wikimedia.org/wikipedia/commons/thumb/7/7e/Vietnam_road_sign_W205c.svg/1024px-Vietnam_road_sign_W205c.svg.png,2
W.205d,Đường giao nhau (hình chữ T),"Cảnh báo sắp đến nơi giao nhau của các tuyến đường cùng cấp, không có ưu tiên.",https://upload.wikimedia.org/wikipedia/commons/thumb/e/ee/Vietnam_road_sign_W205d.svg/1024px-Vietnam_road_sign_W205d.svg.png,2
W.205e,Đường giao nhau (hình chữ Y),"Cảnh báo sắp đến nơi giao nhau của các tuyến đường cùng cấp, không có ưu tiên.",https://upload.wikimedia.org/wikipedia/commons/thumb/3/3a/Vietnam_road_sign_W205e.svg/1024px-Vietnam_road_sign_W205e.svg.png,2
W.206,Giao nhau chạy theo vòng xuyến,"Cảnh báo phía trước có nơi giao nhau, phải đi theo vòng xuyến theo chiều mũi tên.",https://upload.wikimedia.org/wikipedia/commons/thumb/7/73/Vietnam_road_sign_W206.svg/1024px-Vietnam_road_sign_W206.svg.png,2
W.207a,Giao nhau với đường không ưu tiên,Cảnh báo sắp tới nơi giao nhau với đường không ưu tiên phía trước.,https://upload.wikimedia.org/wikipedia/commons/thumb/6/6f/Vietnam_road_sign_W207a.svg/1024px-Vietnam_road_sign_W207a.svg.png,2
W.207b,Giao nhau với đường không ưu tiên,Cảnh báo sắp tới nơi giao nhau với đường không ưu tiên phía trước.,https://upload.wikimedia.org/wikipedia/commons/thumb/e/ea/Vietnam_road_sign_W207b.svg/1024px-Vietnam_road_sign_W207b.svg.png,2
W.207c,Giao nhau với đường không ưu tiên,Cảnh báo sắp tới nơi giao nhau với đường không ưu tiên phía trước.,https://upload.wikimedia.org/wikipedia/commons/thumb/4/40/Vietnam_road_sign_W207c.svg/1024px-Vietnam_road_sign_W207c.svg.png,2
W.207d,Giao nhau với đường không ưu tiên,Cảnh báo sắp tới nơi giao nhau với đường không ưu tiên phía trước.,https://upload.wikimedia.org/wikipedia/commons/thumb/7/78/Vietnam_road_sign_W207d.svg/1024px-Vietnam_road_sign_W207d.svg.png,2
W.207e,Giao nhau với đường không ưu tiên,Cảnh báo sắp tới nơi giao nhau với đường không ưu tiên phía trước.,https://upload.wikimedia.org/wikipedia/commons/thumb/0/02/Vietnam_road_sign_W207e.svg/1024px-Vietnam_road_sign_W207e.svg.png,2
W.207f,Giao nhau với đường không ưu tiên,Cảnh báo sắp tới nơi giao nhau với đường không ưu tiên phía trước.,https://upload.wikimedia.org/wikipedia/commons/thumb/c/c7/Vietnam_road_sign_W207f.svg/1024px-Vietnam_road_sign_W207f.svg.png,2
W.207g,Giao nhau với đường không ưu tiên,Cảnh báo sắp tới nơi giao nhau với đường không ưu tiên phía trước.,https://upload.wikimedia.org/wikipedia/commons/thumb/6/66/Vietnam_road_sign_W207g.svg/1024px-Vietnam_road_sign_W207g.svg.png,2
W.207h,Giao nhau với đường không ưu tiên,Cảnh báo sắp tới nơi giao nhau với đường không ưu tiên phía trước.,https://upload.wikimedia.org/wikipedia/commons/thumb/a/a1/Vietnam_road_sign_W207h.svg/1024px-Vietnam_road_sign_W207h.svg.png,2
W.207i,Giao nhau với đường không ưu tiên,Cảnh báo sắp tới nơi giao nhau với đường không ưu tiên phía trước.,https://upload.wikimedia.org/wikipedia/commons/thumb/2/2b/Vietnam_road_sign_W207i.svg/1024px-Vietnam_road_sign_W207i.svg.png,2
W.207j,Giao nhau với đường không ưu tiên,Cảnh báo sắp tới nơi giao nhau với đường không ưu tiên phía trước.,https://upload.wikimedia.org/wikipedia/commons/thumb/3/36/Vietnam_road_sign_W207j.svg/1024px-Vietnam_road_sign_W207j.svg.png,2
W.207k,Giao nhau với đường không ưu tiên,Cảnh báo sắp tới nơi giao nhau với đường không ưu tiên phía trước.,https://upload.wikimedia.org/wikipedia/commons/thumb/0/06/Vietnam_road_sign_W207k.svg/1024px-Vietnam_road_sign_W207k.svg.png,2
W.207l,Giao nhau với đường không ưu tiên,Cảnh báo sắp tới nơi giao nhau với đường không ưu tiên phía trước.,https://upload.wikimedia.org/wikipedia/commons/thumb/a/a5/Vietnam_road_sign_W207l.svg/1024px-Vietnam_road_sign_W207l.svg.png,2
W.207m,Giao nhau với đường không ưu tiên,Cảnh báo sắp tới nơi giao nhau với đường không ưu tiên phía trước.,https://upload.wikimedia.org/wikipedia/commons/thumb/0/01/Vietnam_road_sign_W207m.svg/1024px-Vietnam_road_sign_W207m.svg.png,2
W.208,Giao nhau với đường ưu tiên,Cảnh báo sắp tới nơi giao nhau với đường ưu tiên phía trước.,https://upload.wikimedia.org/wikipedia/commons/thumb/c/c8/Vietnam_road_sign_W208.svg/1024px-Vietnam_road_sign_W208.svg.png,2
W.209,Giao nhau có tín hiệu đèn giao thông,Cảnh báo nơi giao nhau nguy hiểm có điều khiển bằng đèn giao thông.,https://upload.wikimedia.org/wikipedia/commons/thumb/c/c0/Vietnam_road_sign_W209.svg/1024px-Vietnam_road_sign_W209.svg.png,2
W.210,Giao nhau với đường sắt có rào chắn,Cảnh báo phía trước là nơi đường bộ và đường sắt có rào chắn kín/nửa kín.,https://upload.wikimedia.org/wikipedia/commons/thumb/4/4c/Vietnam_road_sign_W210.svg/1024px-Vietnam_road_sign_W210.svg.png,2
W.211a,Giao nhau với đường sắt không có rào chắn,Cảnh báo phía trước là nơi giao nhau giữa đường bộ và đường sắt không rào chắn.,https://upload.wikimedia.org/wikipedia/commons/thumb/7/71/Vietnam_road_sign_W211a.svg/1024px-Vietnam_road_sign_W211a.svg.png,2
W.211b,Giao nhau với đường tàu điện (chỉ tìm thấy trên các tuyến đường cao tốc nước ta),Cảnh báo phía trước là nơi giao nhau giữa đường bộ và đường tàu điện.,https://upload.wikimedia.org/wikipedia/commons/thumb/9/9c/Vietnam_road_sign_W211b.svg/1024px-Vietnam_road_sign_W211b.svg.png,2
W.212,Cầu hẹp,Cảnh báo phía trước là đầu cầu hẹp.,https://upload.wikimedia.org/wikipedia/commons/thumb/f/f9/Vietnam_road_sign_W212.svg/1024px-Vietnam_road_sign_W212.svg.png,2
W.213,Cầu tạm,Cảnh báo phía trước có đầu cầu tạm.,https://upload.wikimedia.org/wikipedia/commons/thumb/c/c8/Vietnam_road_sign_W213.svg/1024px-Vietnam_road_sign_W213.svg.png,2
W.214,Cầu quay – cầu cất,Cảnh báo sắp đến cầu quay – cầu cất.,https://upload.wikimedia.org/wikipedia/commons/thumb/2/2c/Vietnam_road_sign_W214.svg/1024px-Vietnam_road_sign_W214.svg.png,2
W.215a,"Kè, vực sâu phía trước","Cảnh báo ""Kè, vực sâu phía trước"".",https://upload.wikimedia.org/wikipedia/commons/thumb/c/cc/Vietnam_road_sign_W215a.svg/1024px-Vietnam_road_sign_W215a.svg.png,2
W.215b,"Kè, vực sâu bên đường phía bên phải","Cảnh báo ""Kè, vực sâu bên đường phía bên trái"".",https://upload.wikimedia.org/wikipedia/commons/thumb/0/06/Vietnam_road_sign_W215b.svg/1024px-Vietnam_road_sign_W215b.svg.png,2
W.215c,"Kè, vực sâu bên đường phía bên trái","Cảnh báo ""Kè, vực sâu bên đường phía bên phải"".",https://upload.wikimedia.org/wikipedia/commons/thumb/c/c2/Vietnam_road_sign_W215c.svg/1024px-Vietnam_road_sign_W215c.svg.png,2
W.216a,Đường ngầm (thường đặt thêm cột thủy chí để báo mực nước),Cảnh báo phía trước có đường ngầm/đường tràn.,https://upload.wikimedia.org/wikipedia/commons/thumb/2/2f/Vietnam_road_sign_W216a.svg/1024px-Vietnam_road_sign_W216a.svg.png,2
W.216b,Đường ngầm có nguy cơ lũ quét (thường đặt thêm cột thủy chí để báo mực nước),Cảnh báo phía trước có đường ngầm có nguy cơ lũ quét.,https://upload.wikimedia.org/wikipedia/commons/thumb/7/7e/Vietnam_road_sign_W216b.svg/1024px-Vietnam_road_sign_W216b.svg.png,2
W.217,Bến phà,Cảnh báo sắp đến bến phà.,https://upload.wikimedia.org/wikipedia/commons/thumb/a/af/Vietnam_road_sign_W217.svg/1024px-Vietnam_road_sign_W217.svg.png,2
W.218,Cửa chui,"Cảnh báo sắp đến cửa chui, đường hầm, cổng chắn ngang, cổng thành, cầu vượt có dạng vòm.",https://upload.wikimedia.org/wikipedia/commons/thumb/f/ff/Vietnam_road_sign_W218.svg/1024px-Vietnam_road_sign_W218.svg.png,2
W.219,Dốc xuống nguy hiểm,Cảnh báo sắp tới đoạn đường xuống dốc.,https://upload.wikimedia.org/wikipedia/commons/thumb/4/46/Vietnam_road_sign_W219.svg/1024px-Vietnam_road_sign_W219.svg.png,2
W.220,Dốc lên nguy hiểm,Cảnh báo sắp tới đoạn đường lên dốc.,https://upload.wikimedia.org/wikipedia/commons/thumb/8/8f/Vietnam_road_sign_W220.svg/1024px-Vietnam_road_sign_W220.svg.png,2
W.221a,Đường lồi lõm,"Cảnh báo đoạn đường phía trước xấu như có gập ghềnh, ổ gà, ổ voi, lồi lõm.",https://upload.wikimedia.org/wikipedia/commons/thumb/9/9f/Vietnam_road_sign_W221a.svg/1024px-Vietnam_road_sign_W221a.svg.png,2
W.221b,Đường có gờ giảm tốc,Cảnh báo xe đi chậm vì phía trước có gờ giảm tốc.,https://upload.wikimedia.org/wikipedia/commons/thumb/f/f8/Vietnam_road_sign_W221b.svg/1024px-Vietnam_road_sign_W221b.svg.png,2
W.222a,Đường trơn,Cảnh báo đường phía trước dễ trơn trượt nhất là khi di chuyển trong điều kiện thời tiết xấu.,https://upload.wikimedia.org/wikipedia/commons/thumb/a/a0/Vietnam_road_sign_W222a.svg/1024px-Vietnam_road_sign_W222a.svg.png,2
W.222b,Lề đường nguy hiểm,"Cảnh báo lề đường nguy hiểm, không ổn định dễ khiến bánh xe bị quay tại chỗ hoặc văng đất đá lên xe.",https://upload.wikimedia.org/wikipedia/commons/thumb/e/e6/Vietnam_road_sign_W222b.svg/1024px-Vietnam_road_sign_W222b.svg.png,2
W.223a,Vách núi nguy hiểm phía bên phải,Cảnh báo vách núi nguy hiểm bên trái.,https://upload.wikimedia.org/wikipedia/commons/thumb/8/89/Vietnam_road_sign_W223a.svg/1024px-Vietnam_road_sign_W223a.svg.png,2
W.223b,Vách núi nguy hiểm phía bên trái,Cảnh báo vách núi nguy hiểm bên phải.,https://upload.wikimedia.org/wikipedia/commons/thumb/6/69/Vietnam_road_sign_W223b.svg/1024px-Vietnam_road_sign_W223b.svg.png,2
W.224,Đường người đi bộ cắt ngang,Cảnh báo có phần đường dành cho người đi bộ sang đường ở phía trước.,https://upload.wikimedia.org/wikipedia/commons/thumb/5/5d/Vietnam_road_sign_W224.svg/1024px-Vietnam_road_sign_W224.svg.png,2
W.225,Trẻ em,"Cảnh báo đoạn đường phía trước có trường học, vườn trẻ, câu lạc bộ, hoặc những nơi thường có trẻ em tụ tập hoặc đi qua.",https://upload.wikimedia.org/wikipedia/commons/thumb/1/14/Vietnam_road_sign_W225.svg/1024px-Vietnam_road_sign_W225.svg.png,2
W.226,Đường người đi xe đạp cắt ngang,Cảnh báo phía trước có đường người đi xe đạp cắt ngang.,https://upload.wikimedia.org/wikipedia/commons/thumb/8/83/Vietnam_road_sign_W226.svg/1024px-Vietnam_road_sign_W226.svg.png,2
W.227,Công trường,"Cảnh báo phía trước là đoạn đường đang thi công, cải tạo, sửa chữa và có máy móc đặt trên đường.",https://upload.wikimedia.org/wikipedia/commons/thumb/5/5a/Vietnam_road_sign_W227.svg/1024px-Vietnam_road_sign_W227.svg.png,2
W.228a,Đá lở từ bên trái,Cảnh báo phía trước là đoạn đường có hiện tượng sạt lở bất ngờ.,https://upload.wikimedia.org/wikipedia/commons/thumb/6/66/Vietnam_road_sign_W228a.svg/1024px-Vietnam_road_sign_W228a.svg.png,2
W.228b,Đá lở từ bên phải,Cảnh báo phía trước là đoạn đường có hiện tượng kết cấu mặt đường rời rạc dễ bị sỏi đá bắn lên.,https://upload.wikimedia.org/wikipedia/commons/thumb/5/5d/Vietnam_road_sign_W228b.svg/1024px-Vietnam_road_sign_W228b.svg.png,2
W.228c,Sỏi đá bắn lên,Cảnh báo phía trước là đoạn đường có kết cấu mặt đường dễ bị sỏi đá bắn lên.,https://upload.wikimedia.org/wikipedia/commons/thumb/8/86/Vietnam_road_sign_W228c.svg/1024px-Vietnam_road_sign_W228c.svg.png,2
W.228d,Nền đường yếu,"Cảnh báo phía trước là đoạn đường có nền đường yếu, dễ lún.",https://upload.wikimedia.org/wikipedia/commons/thumb/b/ba/Vietnam_road_sign_W228d.svg/1024px-Vietnam_road_sign_W228d.svg.png,2
W.229,Dải máy bay lên xuống,Cảnh báo đoạn đường ở sát đường sân bay và cắt ngang hướng máy bay.,https://upload.wikimedia.org/wikipedia/commons/thumb/4/4a/Vietnam_road_sign_W229.svg/1024px-Vietnam_road_sign_W229.svg.png,2
W.230,Gia súc,Cảnh báo phía trước có gia súc thả rông hoặc lùa qua.,https://upload.wikimedia.org/wikipedia/commons/thumb/b/bf/Vietnam_road_sign_W230.svg/1024px-Vietnam_road_sign_W230.svg.png,2
W.231,Thú rừng vượt qua đường,Cảnh báo phía trước có thú rừng vượt qua đường.,https://upload.wikimedia.org/wikipedia/commons/thumb/b/b7/Vietnam_road_sign_W231.svg/1024px-Vietnam_road_sign_W231.svg.png,2
W.232,Gió ngang (thường đặt thêm thiết bị đo gió ở các khu vực này để cho biết cường độ gió),Cảnh báo đoạn đường phía trước có gió ngang thổi mạnh.,https://upload.wikimedia.org/wikipedia/commons/thumb/1/1e/Vietnam_road_sign_W232.svg/1024px-Vietnam_road_sign_W232.svg.png,2
W.233,Nguy hiểm khác,Cảnh báo nguy hiểm khác không thuộc phạm trù các biển báo khác.,https://upload.wikimedia.org/wikipedia/commons/thumb/e/e5/Vietnam_road_sign_W233.svg/1024px-Vietnam_road_sign_W233.svg.png,2
W.234,Giao nhau với đường hai chiều,Cảnh báo phía trước sắp giao với đường hai chiều.,https://upload.wikimedia.org/wikipedia/commons/thumb/7/74/Vietnam_road_sign_W234.svg/1024px-Vietnam_road_sign_W234.svg.png,2
W.235,Đường đôi,Cảnh báo phía trước là đường đôi.,https://upload.wikimedia.org/wikipedia/commons/thumb/5/54/Vietnam_road_sign_W235.svg/1024px-Vietnam_road_sign_W235.svg.png,2
W.236,Kết thúc đường đôi,Cảnh báo sắp kết thúc đoạn đường đôi phía trước.,https://upload.wikimedia.org/wikipedia/commons/thumb/f/fc/Vietnam_road_sign_W236.svg/1024px-Vietnam_road_sign_W236.svg.png,2
W.237,Cầu vồng,"Cảnh báo sắp đến công trình có độ vồng lớn, bị chắn tầm nhìn.",https://upload.wikimedia.org/wikipedia/commons/thumb/7/72/Vietnam_road_sign_W237.svg/1024px-Vietnam_road_sign_W237.svg.png,2
W.238,Đường cao tốc phía trước,Cảnh báo phía trước là đường nhánh sắp nhập vào đường cao tốc.,https://upload.wikimedia.org/wikipedia/commons/thumb/3/3c/Vietnam_road_sign_W238.svg/1024px-Vietnam_road_sign_W238.svg.png,2
W.239a,Đường cáp điện ở phía trên,Cảnh báo phía trước có đường dây điện cắt ngang trên tuyến đường (kèm thêm biển S509a: Chiều cao an toàn).,https://upload.wikimedia.org/wikipedia/commons/thumb/0/04/Vietnam_road_sign_W239.svg/1024px-Vietnam_road_sign_W239.svg.png,2
W.239b,Chiều cao tĩnh không thực tế,Cảnh báo chiều cao tĩnh không thực tế phía trước.,https://lawfirm.vn/wp-content/uploads/2024/04/bien-so-w-239b-chieu-cao-tinh-khong-thuc-te.jpg,2
W.240,Đường hầm,Cảnh báo phía trước sắp vào đường hầm.,https://upload.wikimedia.org/wikipedia/commons/thumb/c/c7/Vietnam_road_sign_W240.svg/1024px-Vietnam_road_sign_W240.svg.png,2
W.241,Ùn tắc giao thông,Cảnh báo đoạn đường phía trước thường xuyên bị ùn tắc giao thông.,https://upload.wikimedia.org/wikipedia/commons/thumb/c/ce/Vietnam_road_sign_W241.svg/1024px-Vietnam_road_sign_W241.svg.png,2
W.242a,Giao nhau vuông góc với một cặp đường ray,"Cảnh báo chỗ đường sắt giao vuông góc với đường bộ, có duy nhất một cặp đường ray cắt ngang.",https://upload.wikimedia.org/wikipedia/commons/thumb/0/07/Vietnam_road_sign_W242a.svg/1024px-Vietnam_road_sign_W242a.svg.png,2
W.242b,Giao nhau vuông góc với nhiều cặp đường ray,Cảnh báo chỗ đường sắt giao vuông góc với đường bộ.,https://upload.wikimedia.org/wikipedia/commons/thumb/b/bc/Vietnam_road_sign_W242b.svg/1024px-Vietnam_road_sign_W242b.svg.png,2
W.243a,Báo trước giao nhau không vuông góc với đường sắt (50m),"Cảnh báo đường bộ và đường sắt cùng mức, không vuông góc, cách ray gần nhất nơi giao đường sắt với khoảng cách 50m.",https://upload.wikimedia.org/wikipedia/commons/thumb/0/0b/Vietnam_road_sign_W243a.svg/1024px-Vietnam_road_sign_W243a.svg.png,2
W.243b,Báo trước giao nhau không vuông góc với đường sắt (100m),"Cảnh báo đường bộ và đường sắt cùng mức, không vuông góc, cách ray gần nhất nơi giao đường sắt với khoảng cách 100m.",https://upload.wikimedia.org/wikipedia/commons/thumb/5/5d/Vietnam_road_sign_W243b.svg/1024px-Vietnam_road_sign_W243b.svg.png,2
W.243c,Báo trước giao nhau không vuông góc với đường sắt (150m),"Cảnh báo đường bộ và đường sắt cùng mức, không vuông góc, cách ray gần nhất nơi giao đường sắt với khoảng cách 150m.",https://upload.wikimedia.org/wikipedia/commons/thumb/a/a0/Vietnam_road_sign_W243c.svg/1024px-Vietnam_road_sign_W243c.svg.png,2
W.244,Đoạn đường hay xảy ra tai nạn,Cảnh báo đoạn đường phía trước hay xảy ra tai nạn.,https://upload.wikimedia.org/wikipedia/commons/thumb/4/46/Vietnam_road_sign_W244.svg/1024px-Vietnam_road_sign_W244.svg.png,2
W.245a,Đi chậm,Cảnh báo phía trước cần giảm tốc độ.,https://upload.wikimedia.org/wikipedia/commons/thumb/e/ed/Vietnam_road_sign_W245a.svg/1024px-Vietnam_road_sign_W245a.svg.png,2
W.245b,Đi chậm (song ngữ),Bắt buộc dùng biển đối với các tuyến đường đối ngoại để giảm tốc độ.,https://upload.wikimedia.org/wikipedia/commons/thumb/a/ab/Vietnam_road_sign_W245b.svg/1024px-Vietnam_road_sign_W245b.svg.png,2
W.246a,Chú ý chướng ngại vật – vòng tránh ra hai bên,"Cảnh báo phía trước có chướng ngại vật, vòng tránh ra hai bên.",https://upload.wikimedia.org/wikipedia/commons/thumb/a/a1/Vietnam_road_sign_W246a.svg/1024px-Vietnam_road_sign_W246a.svg.png,2
W.246b,Chú ý chướng ngại vật – vòng tránh sang bên trái,"Cảnh báo phía trước có chướng ngại vật, vòng tránh sang bên trái.",https://upload.wikimedia.org/wikipedia/commons/thumb/9/9a/Vietnam_road_sign_W246b.svg/1024px-Vietnam_road_sign_W246b.svg.png,2
W.246c,Chú ý chướng ngại vật – vòng tránh sang bên phải,"Cảnh báo phía trước có chướng ngại vật, vòng tránh sang bên phải.",https://upload.wikimedia.org/wikipedia/commons/thumb/7/74/Vietnam_road_sign_W246c.svg/1024px-Vietnam_road_sign_W246c.svg.png,2
W.247,Chú ý xe đỗ,Cảnh báo làn đường xe chạy đang bị lấn chiếm một phần bởi các phương tiện khác.,https://upload.wikimedia.org/wikipedia/commons/thumb/1/1b/Vietnam_road_sign_W247.svg/1024px-Vietnam_road_sign_W247.svg.png,2
R.301a,Hướng đi phải theo - chỉ được đi thắng,"Khi đặt biển số R.301a ở trước nơi đường giao nhau thì hiệu lực tác dụng của biển là ở phạm vi khu vực nơi đường giao nhau phía sau biển tức là cấm xe rẽ phải hay rẽ trái. Nếu biển này đặt ở sau nơi đường giao nhau (bắt đầu vào đoạn đường phố) thì hiệu lực tác dụng của biển là từ vị trí đặt biển đến nơi đường giao nhau. Trong trường hợp này cấm rẽ trái và quay đầu trong vùng tác dụng của biển, chỉ cho phép rẽ vào cổng nhà hoặc ngõ phố có trên đoạn đường từ nơi đường giao nhau đặt biển đến nơi đường giao nhau tiếp theo.",https://upload.wikimedia.org/wikipedia/commons/thumb/b/bb/Vietnam_road_sign_R301a.svg/1024px-Vietnam_road_sign_R301a.svg.png,3
R.301b,Hướng đi phải theo - chỉ được rẽ phải,Biển số R. 301b được đặt ở sau nơi đường giao nhau nhằm chỉ hướng cho phép xe đi ngang qua nơi đường giao nhau và ngăn chặn hướng đi ngược chiều trên đường phố với đường một chiều. Biển bắt buộc người tham gia giao thông chỉ được phép rẽ phải ở phạm vi nơi đường giao nhau trước mặt biển.,https://upload.wikimedia.org/wikipedia/commons/thumb/7/77/Vietnam_road_sign_R301b.svg/1024px-Vietnam_road_sign_R301b.svg.png,3
R.301c,Hướng đi phải theo - chỉ được rẽ trái,Biển số R. 301c được đặt ở sau nơi đường giao nhau nhằm chỉ hướng cho phép xe đi ngang qua nơi đường giao nhau và ngăn chặn hướng đi ngược chiều trên đường phố với đường một chiều. Biển bắt buộc người tham gia giao thông chỉ được phép rẽ trái ở phạm vi nơi đường giao nhau trước mặt biển.,https://upload.wikimedia.org/wikipedia/commons/thumb/5/57/Vietnam_road_sign_R301c.svg/1024px-Vietnam_road_sign_R301c.svg.png,3
R.301d,Hướng đi phải theo - chỉ được rẽ phải,Biển số R.301d được đặt ở trước nơi đường giao nhau. Biển bắt buộc người tham gia giao thông chỉ được phép rẽ phải ở phạm vi nơi đường giao nhau đằng sau mặt biển.,https://bienbaocongtrinh.com/upload/sanpham/bien-bao-hieu-lenh-301d-6484.jpg,3
R.301e,Hướng đi phải theo - chỉ được rẽ trái,Biển số R.301e được đặt ở trước nơi đường giao nhau. Biển bắt buộc người tham gia giao thông chỉ được phép rẽ trái ở phạm vi nơi đường giao nhau đằng sau mặt biển.,,3
R.301f,Hướng đi phải theo - chỉ được đi thẳng và rẽ phải,Biển số R.301f được đặt ở trước nơi đường giao nhau. Biển bắt buộc người tham gia giao thông chỉ được phép đi thẳng hay rẽ phải ở phạm vi nơi đường giao nhau đằng sau mặt biển.,,3
R.301g,Hướng đi phải theo - chỉ được đi thẳng và rẽ trái,Biển số R.301g được đặt ở trước nơi đường giao nhau và người tham gia giao thông chỉ được phép đi thẳng hay rẽ trái và được phép quay đầu xe để đi theo hướng ngược lại.,,3
R.301h,Hướng đi phải theo - chỉ được rẽ trái và rẽ phải,"Biển số R.301h được đặt ở sau nơi đường giao nhau nhằm ngăn ngừa chuyển động ngược chiều trên đường phố với đường một chiều. Biển bắt buộc người tham gia giao thông chỉ được phép rẽ trái, quay đầu hoặc rẽ phải ở phạm vi nơi đường giao nhau trước mặt biển.",,3
R.302a,Hướng phải đi vòng chướng ngại vật - chỉ được vòng sang phải,"Hướng phải đi vòng chướng ngại vật, báo các loại xe (cơ giới và thô sơ) hướng đi vòng sang phải để qua một chướng ngại vật.",https://upload.wikimedia.org/wikipedia/commons/thumb/3/32/Vietnam_road_sign_R302a.svg/1024px-Vietnam_road_sign_R302a.svg.png,3
R.302b,Hướng phải đi vòng chướng ngại vật - chỉ được vòng sang trái,"Hướng phải đi vòng chướng ngại vật, báo các loại xe (cơ giới và thô sơ) hướng đi vòng sang trái để qua một chướng ngại vật.",https://upload.wikimedia.org/wikipedia/commons/thumb/b/b7/Vietnam_road_sign_R302b.svg/1024px-Vietnam_road_sign_R302b.svg.png,3
R.302c,Hướng phải đi vòng chướng ngại vật - vòng sang trái hoặc sang phải,"Hướng phải đi vòng chướng ngại vật, báo các loại xe (cơ giới và thô sơ) hướng đi vòng sang trái hoặc sang phải để qua một chướng ngại vật.",https://upload.wikimedia.org/wikipedia/commons/thumb/6/65/Vietnam_road_sign_R302c.svg/1024px-Vietnam_road_sign_R302c.svg.png,3
R.303,Nơi giao nhau chạy theo vòng xuyến,Báo cho các loại xe (thô sơ và cơ giới) phải chạy vòng theo đảo an toàn ở nơi đường giao nhau.,https://upload.wikimedia.org/wikipedia/commons/thumb/1/1b/Vietnam_road_sign_R303.svg/1024px-Vietnam_road_sign_R303.svg.png,3
R.304,Đường dành cho xe thô sơ,"Báo đường dành cho xe thô sơ (kể cả xe của người tàn tật) và người đi bộ. Cấm các xe cơ giới kể cả xe gắn máy, các xe được ưu tiên theo quy định đi vào đường này.",https://upload.wikimedia.org/wikipedia/commons/thumb/2/2d/Vietnam_road_sign_R304.svg/1024px-Vietnam_road_sign_R304.svg.png,3
R.305,Đường dành cho người đi bộ,"Báo đường dành cho người đi bộ. Các loại xe cơ giới và thô sơ kể cả các xe được ưu tiên theo quy định không được phép đi vào đường này, trừ trường hợp đi cắt ngang qua nhưng phải đảm bảo tuyệt đối an toàn cho người đi bộ.",https://upload.wikimedia.org/wikipedia/commons/thumb/8/8b/Vietnam_road_sign_R305.svg/1024px-Vietnam_road_sign_R305.svg.png,3
R.306,Tốc độ tối thiểu cho phép,Báo tốc độ tối thiểu cho phép các xe cơ giới chạy. Cấm các loại xe cơ giới chạy với tốc độ nhỏ hơn trị số ghi trên biển.,https://upload.wikimedia.org/wikipedia/commons/thumb/1/17/Vietnam_road_sign_R306.svg/1024px-Vietnam_road_sign_R306.svg.png,3
R.307,Hết tốc độ tối thiểu,Báo hết đoạn đường hạn chế tốc độ tối thiểu. Kể từ biển này các xe được phép chạy chậm hơn trị số ghi trên biển nhưng không được gây cản trở các xe khác.,https://upload.wikimedia.org/wikipedia/commons/thumb/f/f8/Vietnam_road_sign_R307.svg/1024px-Vietnam_road_sign_R307.svg.png,3
R.308a,Tuyến đường cầu vượt cắt qua,"Biểu thị phía trước có cầu vượt, xe có thể đi thẳng hoặc theo chỉ dẫn trên hình vẽ để rẽ trái.",https://upload.wikimedia.org/wikipedia/commons/thumb/d/d1/Vietnam_road_sign_R308a.svg/1024px-Vietnam_road_sign_R308a.svg.png,3
R.308b,Tuyến đường cầu vượt cắt qua,"Biểu thị phía trước có cầu vượt, xe có thể đi thẳng hoặc theo chỉ dẫn trên hình vẽ để rẽ phải.",https://upload.wikimedia.org/wikipedia/commons/thumb/8/8c/Vietnam_road_sign_R308b.svg/1024px-Vietnam_road_sign_R308b.svg.png,3
R.309,Ấn còi,Biểu thị xe cộ đi đến vị trí cắm biển đó thì phải ấn còi.,https://upload.wikimedia.org/wikipedia/commons/thumb/8/8e/Vietnam_road_sign_R309.svg/1024px-Vietnam_road_sign_R309.svg.png,3
R.310a,Hướng đi phải theo cho các xe chở hàng nguy hiểm,Báo cho các loại xe chở hàng nguy hiểm phải đi theo hướng quy định (rẽ trái).,https://upload.wikimedia.org/wikipedia/commons/thumb/8/88/Vietnam_road_sign_R310a.svg/1024px-Vietnam_road_sign_R310a.svg.png,3
R.310b,Hướng đi phải theo cho các xe chở hàng nguy hiểm,Báo cho các loại xe chở hàng nguy hiểm phải đi theo hướng quy định (đi thẳng).,https://upload.wikimedia.org/wikipedia/commons/thumb/5/5e/Vietnam_road_sign_R310b.svg/1024px-Vietnam_road_sign_R310b.svg.png,3
R.310c,Hướng đi phải theo cho các xe chở hàng nguy hiểm,Báo cho các loại xe chở hàng nguy hiểm phải đi theo hướng quy định (rẽ phải).,https://upload.wikimedia.org/wikipedia/commons/thumb/0/03/Vietnam_road_sign_R310c.svg/1024px-Vietnam_road_sign_R310c.svg.png,3
R.403a,Đường dành cho xe ô tô,Báo hiệu cho người điều khiển phương tiện biết bắt đầu đường dành cho các loại ô tô,https://upload.wikimedia.org/wikipedia/commons/thumb/8/80/Vietnam_road_sign_R403a.svg/1024px-Vietnam_road_sign_R403a.svg.png,3
R.403b,"Đường dành cho xe ô tô, xe máy",Báo hiệu cho người điều khiển phương tiện biết bắt đầu đường dành cho các loại ô tô và xe máy,https://upload.wikimedia.org/wikipedia/commons/thumb/3/3e/Vietnam_road_sign_R403b.svg/1024px-Vietnam_road_sign_R403b.svg.png,3
R.403c,Đường dành cho xe buýt,Báo hiệu cho người điều khiển phương tiện biết bắt đầu đường dành cho xe buýt,,3
R.403d,Đường dành cho xe ô tô con,Báo hiệu cho người điều khiển phương tiện biết bắt đầu đường dành cho ô tô con,,3
R.403e,Đường dành cho xe máy,Báo hiệu cho người điều khiển phương tiện biết bắt đầu đường dành cho xe máy,https://upload.wikimedia.org/wikipedia/commons/thumb/7/76/Vietnam_road_sign_R403e.svg/1024px-Vietnam_road_sign_R403e.svg.png,3
R.403f,Đường dành cho xe máy và xe đạp,"Báo hiệu cho người điều khiển phương tiện biết bắt đầu đường dành cho xe máy, xe đạp, bao gồm cả xe gắn máy và xe thô sơ",,3
R.404a,Hết đoạn đường dành cho xe ô tô,Báo hiệu cho người điều khiển phương tiện biết đã kết thúc đoạn đường dành cho xe ô tô,,3
R.404b,"Hết đoạn đường dành cho xe ô tô, xe máy",Báo hiệu cho người điều khiển phương tiện biết đã kết thúc đoạn đường dành cho xe máy,,3
R.404c,Hết đoạn đường dành cho xe buýt,Báo hiệu cho người điều khiển phương tiện biết đã kết thúc đoạn đường dành cho xe buýt,,3
R.404d,Hết đoạn đường dành cho xe ô tô con,Báo hiệu cho người điều khiển phương tiện biết đã kết thúc đoạn đường dành cho xe ô tô con,,3
R.404e,Hết đoạn đường dành cho xe máy,Báo hiệu cho người điều khiển phương tiện biết đã kết thúc đoạn đường dành cho xe máy,,3
R.404f,Hết đoạn đường dành cho xe máy và xe đạp,Báo hiệu cho người điều khiển phương tiện biết đã kết thúc đoạn đường dành cho xe máy và xe đạp,,3
R.411,Hướng đi trên mỗi làn đường phải theo,Để báo hiệu cho người tham gia giao thông biết số lượng làn đường trên mặt đường và hướng đi trên mỗi làn đường theo vạch kẻ đường. Tùy theo tình hình thực tế về số lượng làn đường và hướng đi trên mỗi làn đường mà có ký hiệu phù hợp. Biển có tác dụng bắt buộc người tham gia giao thông phải đi đúng làn đường đã được chỉ dẫn hướng phù hợp với hành trình của xe.,,3
R.412,Làn đường dành riêng cho từng loại xe hoặc nhóm xe,"Để báo hiệu cho người tham gia giao thông biết có làn đường dành riêng cho từng loại xe ngoặc nhóm xe riêng biệt. Biển được đặt phía trên làn xe, ở đầu đường theo chiều xe chạy. Tùy loại phương tiện, nhóm phương tiện cần quy định mà bố trí hình vẽ, biểu tượng các phương tiện tương ứng và mũi tên trên biển cho phù hợp và đảm bảo mỹ quan. Các loại xe khác không được đi vào làn đường có đặt biển này (trừ các xe được quyền ưu tiên theo quy định)",,3
R.415a,Biển gộp làn đường theo phương tiện,Báo hiệu những loại phương tiện nào được phép lưu thông trên những làn đường theo quy định.,,3
R.415b,Kết thúc làn đường theo phương tiện,Báo hiệu đã hết đoạn đường dành cho phương tiện lưu thông trên từng làn đường theo quy định.,,3
R.420,Bắt đầu khu đông dân cư,Để báo hiệu bắt đầu đoạn đường vào phạm vi khu đông dân cư. Biển có tác dụng báo cho người tham gia giao thông biết phạm vi phải tuân theo những quy định đi đường được áp dụng ở khu đông dân cư.,,3
R.421,Hết khu đông dân cư,Để báo hiệu hết đoạn đường qua phạm vi khu đông dân cư. Biển có tác dụng báo cho người tham gia giao thông biết phạm vi phải tuân theo những quy định đi đường được áp dụng ở khu đông dân cư đã hết hiệu lực.,,3
"R.E,9a",Cấm đỗ xe trong khu vực,Cấm phương tiện đỗ xe trong khu vực có đặt biển báo,,3
"R.E,9b",Cấm đỗ xe theo giờ trong khu vực,Cấm phương tiện đỗ xe theo giờ trong khu vực có đặt biển báo,,3
"R.E,9c",Khu vực đỗ xe,Quy định khu vực phương tiện được phép đỗ xe,,3
"R.E,9d",Hạn chế tốc độ tối đa trong khu vực,Quy định phương tiện di chuyển hạn chế tốc độ tối đa trong khu vực,,3
"R.E,10a",Hết cấm đỗ xe trong khu vực,Để báo hiệu hết cấm đỗ xe trong khu vực.,,3
"R.E,10b",Hết cấm đỗ xe theo giờ trong khu vực,Để báo hiệu hết cấm đỗ xe theo giờ trong khu vực.,,3
"R.E,10c",Hết khu vực đỗ xe,Để quy định hết khu vực đỗ xe.,,3
"R.E,10d",Hết hạn chế tốc độ tối đa trong khu vực.,Để quy định hết hạn chế tốc độ tối đa trong khu vực.,,3
"R.E,11a",Đường hầm,Cấm phương tiện đỗ xe trong khu vực có đặt biển báo,https://upload.wikimedia.org/wikipedia/commons/thumb/7/7c/Vietnam_road_sign_RE11a.svg/1024px-Vietnam_road_sign_RE11a.svg.png,3
"R.E,11b",Kết thúc đường hầm,"Thông báo hết đoạn đường qua hầm, chủ phương tiện không còn áp dụng các quy định giao thông riêng nữa.",https://upload.wikimedia.org/wikipedia/commons/thumb/f/ff/Vietnam_road_sign_RE11b.svg/1024px-Vietnam_road_sign_RE11b.svg.png,3
I.401,Bắt đầu đường ưu tiên,"Biểu thị ưu tiên cho các phương tiện được đi trước. Trên đoạn đường này, phương tiện được quyền ưu tiên đi qua nơi giao nhau không có điều khiển giao thông. Phương tiện trên đường khác nhập vào hay cắt ngang qua phải nhường đường (trừ các xe được quyền ưu tiên theo quy định). Nếu ở chỗ giao nhau có điều khiển giao thông thì nguyên tắc chạy xe ưu tiên hết tác dụng (trừ các xe được quyền ưu tiên theo quy định).",https://upload.wikimedia.org/wikipedia/commons/thumb/f/f6/Vietnam_road_sign_I401.svg/1024px-Vietnam_road_sign_I401.svg.png,4
I.402,Hết đoạn đường ưu tiên,Biểu thị đã đến hết đoạn đường quy định là ưu tiên.,https://upload.wikimedia.org/wikipedia/commons/thumb/a/ad/Vietnam_road_sign_I402.svg/1024px-Vietnam_road_sign_I402.svg.png,4
I.405a,Đường cụt ở bên phải,Được đặt trên đường chính trước khi đến nơi đường giao nhau để rẽ vào đường cụt.,https://upload.wikimedia.org/wikipedia/commons/thumb/b/bf/Vietnam_road_sign_I405a.svg/1024px-Vietnam_road_sign_I405a.svg.png,4
I.405b,Đường cụt ở bên trái,Được đặt trên đường chính trước khi đến nơi đường giao nhau để rẽ vào đường cụt.,https://upload.wikimedia.org/wikipedia/commons/thumb/9/91/Vietnam_road_sign_I405b.svg/1024px-Vietnam_road_sign_I405b.svg.png,4
I.405c,Đường cụt phía trước,Đặt trước đường cụt 300 - 500 m và cứ 100m phải đặt thêm một biển.,https://upload.wikimedia.org/wikipedia/commons/thumb/e/ef/Vietnam_road_sign_I405c.svg/1024px-Vietnam_road_sign_I405c.svg.png,4
I.406,Được ưu tiên qua đường hẹp,Chỉ dẫn cho người tham gia giao thông cơ giới biết mình được quyền ưu tiên đi trước trên đoạn đường hẹp.,https://upload.wikimedia.org/wikipedia/commons/thumb/1/1a/Vietnam_road_sign_I406.svg/1024px-Vietnam_road_sign_I406.svg.png,4
I.407a,Đường một chiều,Biển I.407a đặt sau nơi đường giao nhau nhưng khi đã có biển R302 tại các đầu dải phân cách thì biển này không cần thiết.,https://upload.wikimedia.org/wikipedia/commons/thumb/4/44/Vietnam_road_sign_I407a.svg/1024px-Vietnam_road_sign_I407a.svg.png,4
I.407b,Đường một chiều,Đặt trước nơi đường giao nhau và đặt trên đường chuẩn bị đi vào đường một chiều.,https://upload.wikimedia.org/wikipedia/commons/thumb/b/b4/Vietnam_road_sign_I407b.svg/1024px-Vietnam_road_sign_I407b.svg.png,4
I.407c,Đường một chiều,Đặt trước nơi đường giao nhau và đặt trên đường chuẩn bị đi vào đường một chiều.,https://upload.wikimedia.org/wikipedia/commons/thumb/8/8b/Vietnam_road_sign_I407c.svg/1024px-Vietnam_road_sign_I407c.svg.png,4
I.408,Nơi đỗ xe,"Chỉ dẫn những nơi được phép đỗ xe, những bãi đỗ xe, bến xe,...",https://upload.wikimedia.org/wikipedia/commons/thumb/6/68/Vietnam_road_sign_I408.svg/1024px-Vietnam_road_sign_I408.svg.png,4
I.408a,Nơi đỗ xe một phần trên hè phố,Để chỉ dẫn những nơi được phép đỗ xe một phần trên hè phố rộng. Xe phải đỗ sao cho các bánh phía ghế phụ trên hè phố.,https://upload.wikimedia.org/wikipedia/commons/thumb/2/28/Vietnam_road_sign_I408a.svg/1024px-Vietnam_road_sign_I408a.svg.png,4
I.409,Chỗ quay xe,Chỉ dẫn vị trí được phép quay đầu xe.,https://upload.wikimedia.org/wikipedia/commons/thumb/0/03/Vietnam_road_sign_I409.svg/1024px-Vietnam_road_sign_I409.svg.png,4
I.410,Khu vực quay xe,Để chỉ dẫn khu vực được phép quay đầu xe. Trên biển mô tả cách thức tiến hành quay xe,https://upload.wikimedia.org/wikipedia/commons/thumb/9/9a/Vietnam_road_sign_I410.svg/1024px-Vietnam_road_sign_I410.svg.png,4
I.413a,Đường phía trước có làn đường dành cho ô tô khách,Để chỉ dẫn cho người tham gia giao thông biết đường phía trước có làn đường dành riêng cho ô tô khách theo chiều ngược lại,https://upload.wikimedia.org/wikipedia/commons/thumb/7/70/Vietnam_road_sign_I413a.svg/1024px-Vietnam_road_sign_I413a.svg.png,4
I.413b,Rẽ ra đường có làn đường dành cho ô tô khách,Để chỉ dẫn cho người tham gia giao thông biết ở nơi đường giao nhau rẽ phải hoặc rẽ trái là rẽ ra đường có làm đường dành riêng cho ô tô khách. Tùy theo hướng rẽ mà lựa chọn kiểu biển cho phù hợp.,https://upload.wikimedia.org/wikipedia/commons/thumb/3/31/Vietnam_road_sign_I413b.svg/1024px-Vietnam_road_sign_I413b.svg.png,4
I.413c,Rẽ ra đường có làn đường dành cho ô tô khách,"Để báo hiệu cho người tham gia giao thông biết có làn đường dành riêng cho từng loại xe nhoặc nhóm xe riêng biệt. Biển được đặt phía trên làn xe, ở đầu đường theo chiều xe chạy. Tùy loại phương tiện, nhóm phương tiện cần quy định mà bố trí hình vẽ, biểu tượng các phương tiện tương ứng và mũi tên trên biển cho phù hợp và đảm bảo mỹ quan. Các loại xe khác không được đi vào làn đường có đặt biển này (trừ các xe được quyền ưu tiên theo quy định)",https://upload.wikimedia.org/wikipedia/commons/thumb/9/9b/Vietnam_road_sign_I413c.svg/1024px-Vietnam_road_sign_I413c.svg.png,4
I.414a,Chỉ hướng đường,"Để chỉ dẫn hướng đường đến các địa danh, khu dân cư. Trên biển cần chỉ dẫn cả số hiệu (tên) đường và cự ly làm tròn đến kilômét; nếu cự ly dưới 1 km thì làm tròn đến 100 m",,4
I.414b,Chỉ hướng đường,"Để chỉ dẫn hướng đường đến các địa danh, khu dân cư. Trên biển cần chỉ dẫn cả số hiệu (tên) đường và cự ly làm tròn đến kilômét; nếu cự ly dưới 1 km thì làm tròn đến 100 m",,4
I.414c,Chỉ hướng đường,"Để chỉ dẫn hướng đường đến các địa danh, khu dân cư. Trên biển cần chỉ dẫn cả số hiệu (tên) đường và cự ly làm tròn đến kilômét; nếu cự ly dưới 1 km thì làm tròn đến 100 m",,4
I.415,Mũi tên chỉ hướng đi,Chỉ dẫn hướng đi đến một địa danh lân cận tiếp theo trong khu dân cư hoặc ở các đường giao nhau.,https://upload.wikimedia.org/wikipedia/commons/thumb/9/94/Vietnam_road_sign_I415.svg/1024px-Vietnam_road_sign_I415.svg.png,4
I.416,Đường tránh,"Chỉ dẫn lối đi đường tránh, đường vòng trong trường hợp đường cấm vì lý do đường, cầu bị tắc hoặc thi công và cấm một số loại xe đi qua.",https://upload.wikimedia.org/wikipedia/commons/thumb/2/2d/Vietnam_road_sign_I416.svg/1024px-Vietnam_road_sign_I416.svg.png,4
I.417,Chỉ hướng đường phải đi cho từng loại xe,"Ở các đường giao nhau trong trường hợp cấm hoặc hạn chế một số loại xe, khi cần thiết có thể đặt biển chỉ hướng đường phải đi cho từng loại xe đến một khu dân cư tiếp theo.",,4
I.418,Lối đi ở những vị trí cấm rẽ,Chỉ lối đi ở các nơi đường giao nhau bị cấm rẽ.,https://upload.wikimedia.org/wikipedia/commons/thumb/7/7f/Vietnam_road_sign_I418.svg/1024px-Vietnam_road_sign_I418.svg.png,4
I.419a,Chỉ dẫn địa giới,"Chỉ dẫn địa giới hành chính giữa các thành phố, tỉnh, huyện.",https://upload.wikimedia.org/wikipedia/commons/thumb/6/6f/Vietnam_road_sign_I419a.svg/1024px-Vietnam_road_sign_I419a.svg.png,4
I.419b,Chỉ dẫn địa giới (song ngữ),"Dùng biển đối với các tuyến đường đối ngoại để chỉ dẫn địa giới hành chính giữa các thành phố, tỉnh, huyện.",https://upload.wikimedia.org/wikipedia/commons/thumb/4/46/Vietnam_road_sign_I419b.svg/1024px-Vietnam_road_sign_I419b.svg.png,4
I.422a,Di tích lịch sử,"Để chỉ dẫn những nơi có di tích lịch sử hoặc những nơi có danh lam thắng cảnh, những nơi có thể tham quan... ở hai ven đường.",https://upload.wikimedia.org/wikipedia/commons/thumb/5/5e/Vietnam_road_sign_I422a.svg/1024px-Vietnam_road_sign_I422a.svg.png,4
I.422b,Di tích lịch sử (song ngữ),"Dùng biển đối với các tuyến đường đối ngoại để chỉ dẫn những nơi có di tích lịch sử hoặc những nơi có danh lam thắng cảnh, những nơi có thể tham quan... ở hai ven đường. thành phố, tỉnh, huyện.",https://upload.wikimedia.org/wikipedia/commons/thumb/0/00/Vietnam_road_sign_I422b.svg/1024px-Vietnam_road_sign_I422b.svg.png,4
I.423a,Vị trí người đi bộ sang ngang,"Để chỉ dẫn người đi bộ và người tham gia giao thông biết vị trí dành cho người đi bộ sang ngang. Biển này được sử dụng độc lập ở những vị trí sang ngang, đường không có tổ chức điều khiển giao thông hoặc có thể sử dụng phối hợp với vạch kẻ đường. Gặp biển này người tham gia giao thông phải điều khiển xe chạy chậm, chú ý quan sát, ưu tiên cho người đi bộ sang ngang. Chiều người đi bộ trên biển phải hướng vào đường.",https://upload.wikimedia.org/wikipedia/commons/thumb/2/27/Vietnam_road_sign_I423a.svg/1024px-Vietnam_road_sign_I423a.svg.png,4
I.423b,Vị trí người đi bộ sang ngang,"Để chỉ dẫn người đi bộ và người tham gia giao thông biết vị trí dành cho người đi bộ sang ngang. Biển này được sử dụng độc lập ở những vị trí sang ngang, đường không có tổ chức điều khiển giao thông hoặc có thể sử dụng phối hợp với vạch kẻ đường. Gặp biển này người tham gia giao thông phải điều khiển xe chạy chậm, chú ý quan sát, ưu tiên cho người đi bộ sang ngang. Chiều người đi bộ trên biển phải hướng vào đường.",https://upload.wikimedia.org/wikipedia/commons/thumb/6/66/Vietnam_road_sign_I423b.svg/1024px-Vietnam_road_sign_I423b.svg.png,4
I.423c,Điểm bắt đầu đường đi bộ,Để chỉ dẫn cho người đi bộ và người lái xe biết nơi bắt đầu đoạn đường dành cho người đi bộ. Biển này không dùng cho các vị trí đi bộ cắt ngang qua đường.,https://upload.wikimedia.org/wikipedia/commons/thumb/d/dc/Vietnam_road_sign_I423c.svg/1024px-Vietnam_road_sign_I423c.svg.png,4
I.424a,Cầu vượt qua đường cho người đi bộ,Để chỉ dẫn cho người đi bộ sử dụng cầu vượt qua đường. Tùy hướng thực tế của người đi bộ qua đường mà sử dụng biển cho phù hợp.,,4
I.424b,Cầu vượt qua đường cho người đi bộ,Để chỉ dẫn cho người đi bộ sử dụng cầu vượt qua đường. Tùy hướng thực tế của người đi bộ qua đường mà sử dụng biển cho phù hợp.,,4
I.424c,Hầm chui qua đường cho người đi bộ,Để chỉ dẫn cho người đi bộ sử dụng hầm chui qua đường. Tùy hướng thực tế của người đi bộ qua đường mà sử dụng biển cho phù hợp.,,4
I.424d,Hầm chui qua đường cho người đi bộ,Để chỉ dẫn cho người đi bộ sử dụng hầm chui qua đường. Tùy hướng thực tế của người đi bộ qua đường mà sử dụng biển cho phù hợp.,,4
I.425,Bệnh viện,"Để chỉ dẫn sắp đến cơ sở điều trị bệnh ở gần đường như bệnh viện, bệnh xá, trạm xá...",https://upload.wikimedia.org/wikipedia/commons/thumb/0/01/Vietnam_road_sign_I425.svg/1024px-Vietnam_road_sign_I425.svg.png,4
I.426,Trạm cấp cứu,Để chỉ dẫn nơi có trạm cấp cứu y tế ở gần đường,https://upload.wikimedia.org/wikipedia/commons/thumb/b/b6/Vietnam_road_sign_I426.svg/1024px-Vietnam_road_sign_I426.svg.png,4
I.427a,Trạm sửa chữa,"Để chỉ dẫn nơi đặt xưởng, trạm chuyên phục vụ sửa chữa ô tô, xe máy hỏng trên đường",https://upload.wikimedia.org/wikipedia/commons/thumb/2/2f/Vietnam_road_sign_I427a.svg/1024px-Vietnam_road_sign_I427a.svg.png,4
I.427b,Trạm kiểm tra tải trọng xe,Để chỉ dẫn nơi đặt trạm kiểm tra tải trọng xe,https://upload.wikimedia.org/wikipedia/commons/thumb/6/6d/Vietnam_road_sign_I427b.svg/1024px-Vietnam_road_sign_I427b.svg.png,4
I.428,Trạm xăng,"Để chỉ dẫn những nơi có đặt cửa hàng xăng, dầu hoặc nạp điện phục vụ cho phương tiện giao thông đi trên đường",https://upload.wikimedia.org/wikipedia/commons/thumb/f/f0/Vietnam_road_sign_I428.svg/1024px-Vietnam_road_sign_I428.svg.png,4
I.429,Nơi rửa xe,Để chỉ dẫn những nơi có bố trí rửa xe,https://upload.wikimedia.org/wikipedia/commons/thumb/0/02/Vietnam_road_sign_I429.svg/1024px-Vietnam_road_sign_I429.svg.png,4
I.430,Điện thoại,Để chỉ dẫn những nơi có đặt trạm điện thoại công cộng chuyên phục vụ khách đi đường,https://upload.wikimedia.org/wikipedia/commons/thumb/d/de/Vietnam_road_sign_I430.svg/1024px-Vietnam_road_sign_I430.svg.png,4
I.431,Trạm dừng nghỉ,"Để chỉ dẫn những nơi có các dịch vụ phục vụ khách đi đường (ăn uống nghỉ ngơi, cung cấp nhiên liệu...). Tùy trạm dừng nghỉ có dịch vụ gì mà bố trí các biểu tượng hình vẽ cho phù hợp.",https://upload.wikimedia.org/wikipedia/commons/thumb/0/0f/Vietnam_road_sign_I431.svg/1024px-Vietnam_road_sign_I431.svg.png,4
I.432,Khách sạn,Để chỉ dẫn nơi có khách sạn phục vụ khách đi đường,https://upload.wikimedia.org/wikipedia/commons/thumb/4/4b/Vietnam_road_sign_I432.svg/1024px-Vietnam_road_sign_I432.svg.png,4
I.433a,Nơi nghỉ mát,Để chỉ dẫn nơi nghỉ mát,,4
I.433b,Nơi cắm trại,Để chỉ dẫn nơi cắm trại,,4
I.433c,Nơi dành cho nhà lưu động,Để chỉ dẫn nơi dành cho nhà lưu động,,4
I.433d,Nơi cắm trại và nhà lưu động,Để chỉ dẫn nơi cắm trại và nhà lưu động,,4
I.433e,Nơi nhà trọ,Để chỉ dẫn nơi nhà trọ,,4
I.434a,Bến xe buýt,"Để chỉ dẫn chỗ dừng đỗ xe buýt cho khách lên xuống. Biển số I.434a được bố trí kết hợp với biển phụ để chỉ dẫn các thông tin về số hiệu tuyến, tên tuyến, điểm đầu, điểm cuối và lộ trình tuyến xe buýt. Biển phụ có thể bố trí liền kề với biển số I.434a hoặc trong khu vực đón trả khách,",https://upload.wikimedia.org/wikipedia/commons/thumb/a/ad/Vietnam_road_sign_I434a.svg/1024px-Vietnam_road_sign_I434a.svg.png,4
I.434b,Bến xe tải,"Để chỉ dẫn khu vực đỗ xe tải để nhận và trả hàng hóa. Trong trường hợp khu vực đồ xe tải không phải là bến xe theo các quy định hiện hành thì thay chữ ""Bến xe tải"" trên biển thành chữ Điểm dừng xe tải.",https://upload.wikimedia.org/wikipedia/commons/thumb/0/06/Vietnam_road_sign_I434b.svg/1024px-Vietnam_road_sign_I434b.svg.png,4
I.435,Bến xe điện,Để chỉ dẫn chỗ dừng đỗ xe điện cho khách lên xuống,https://upload.wikimedia.org/wikipedia/commons/thumb/c/ce/Vietnam_road_sign_I435.svg/1024px-Vietnam_road_sign_I435.svg.png,4
I.436,Trạm cảnh sát giao thông,Để chỉ dẫn nơi đặt trạm cảnh sát giao thông. Các phương tiện phải giảm tốc độ đến mức an toàn và không được vượt khi đi qua khu vực này,https://upload.wikimedia.org/wikipedia/commons/thumb/8/8c/Vietnam_road_sign_I436.svg/1024px-Vietnam_road_sign_I436.svg.png,4
I.437,Đường cao tốc,Để chỉ dẫn bắt đầu đường cao tốc,,4
I.438,Hết đường cao tốc,Để chỉ dẫn kết thúc đường cao tốc,,4
I.439,Tên cầu,"Để chỉ các thông tin về một cầu. Biển số I.439 chỉ đặt khi chiều dài cầu lớn hơn 30m và các cầu có chiều dài nhỏ hơn hoặc bằng 30m nhưng có tên gắn với địa danh văn hóa, lịch sử. Không lắp đặt biển tên cầu đối với cầu có biểu tượng riêng và cầu trong khu vực nội thành, nội thị trừ các cầu mang tên danh nhân, địa danh văn hóa lịch sử đã có thì giữ nguyên và không nhất thiết phải ghi lý trình.",https://upload.wikimedia.org/wikipedia/commons/thumb/9/91/Vietnam_road_sign_I439.svg/1024px-Vietnam_road_sign_I439.svg.png,4
I.440,Đường đang thi công,Để chỉ dẫn những đoạn đường đang thi công sửa chữa hoặc nâng cấp cải tạo,https://upload.wikimedia.org/wikipedia/commons/thumb/e/e0/Vietnam_road_sign_I440.svg/1024px-Vietnam_road_sign_I440.svg.png,4
I.441a,Báo hiệu phía trước có công trường thi công,"Cảnh báo người lái xe về khu vực thi công phía trước, cần giảm tốc độ và chú ý quan sát.",https://upload.wikimedia.org/wikipedia/commons/thumb/0/0b/Vietnam_road_sign_I441a.svg/1024px-Vietnam_road_sign_I441a.svg.png,4
I.441b,Báo hiệu phía trước có công trường thi công,"Cảnh báo người lái xe về khu vực thi công phía trước, cần giảm tốc độ và chú ý quan sát.",https://upload.wikimedia.org/wikipedia/commons/thumb/3/30/Vietnam_road_sign_I441b.svg/1024px-Vietnam_road_sign_I441b.svg.png,4
I.441c,Báo hiệu phía trước có công trường thi công,"Cảnh báo người lái xe về khu vực thi công phía trước, cần giảm tốc độ và chú ý quan sát.",https://upload.wikimedia.org/wikipedia/commons/thumb/c/c1/Vietnam_road_sign_I441c.svg/1024px-Vietnam_road_sign_I441c.svg.png,4
I.442,Chợ,"Để báo sắp đến khu vực có chợ gần đường, xe cơ giới qua lại khu vực này phải chú ý quan sát, giảm tốc độ.",https://upload.wikimedia.org/wikipedia/commons/thumb/3/3b/Vietnam_road_sign_I442.svg/1024px-Vietnam_road_sign_I442.svg.png,4
I.443,Xe kéo rơ-moóc,"Để báo hiệu xe có kéo moóc hoặc xe kéo xe. Biển số I.443 được đặt trên nóc cabin xe kéo. Nền biển màu xanh lam, hình tam giác màu vàng khoảng cách đều các cạnh hình vuông.",https://upload.wikimedia.org/wikipedia/commons/thumb/f/f9/Vietnam_road_sign_I443.svg/1024px-Vietnam_road_sign_I443.svg.png,4
I.444,"Biển báo chỉ dẫn địa điểm
",Nhằm chỉ dẫn cho người đi đường biết hướng đến những địa điểm quan trọng,,4
I.445a,"Đường trơn, chạy chậm","Cảnh báo mặt đường trơn trượt, người lái cần giảm tốc độ và tăng khoảng cách an toàn.",https://upload.wikimedia.org/wikipedia/commons/thumb/7/74/Vietnam_road_sign_I445a.svg/1024px-Vietnam_road_sign_I445a.svg.png,4
I.445b,"Đường dốc, chạy chậm","Thông báo sắp đến đoạn đường dốc, cần giảm tốc độ để đảm bảo an toàn.",https://upload.wikimedia.org/wikipedia/commons/thumb/f/fe/Vietnam_road_sign_I445b.svg/1024px-Vietnam_road_sign_I445b.svg.png,4
I.445c,Đường nhiều sương mù,"Cảnh báo khu vực thường xuyên có sương mù, tầm nhìn hạn chế, cần giảm tốc độ và bật đèn.",https://upload.wikimedia.org/wikipedia/commons/thumb/f/f3/Vietnam_road_sign_I445c.svg/1024px-Vietnam_road_sign_I445c.svg.png,4
I.445d,Nền đường yếu,"Cảnh báo đoạn đường có nền yếu, có thể lún hoặc sụt, cần đi chậm và cẩn thận.",https://upload.wikimedia.org/wikipedia/commons/thumb/0/0c/Vietnam_road_sign_I445d.svg/1024px-Vietnam_road_sign_I445d.svg.png,4
I.445e,Xe lớn đi sát về bên phải,Yêu cầu các phương tiện lớn đi sát làn đường bên phải.,https://upload.wikimedia.org/wikipedia/commons/thumb/5/5d/Vietnam_road_sign_I445e.svg/1024px-Vietnam_road_sign_I445e.svg.png,4
I.445f,Chú ý gió ngang,"Cảnh báo khu vực có gió ngang mạnh, cần giữ vững tay lái.",https://upload.wikimedia.org/wikipedia/commons/thumb/c/c5/Vietnam_road_sign_I445f.svg/1024px-Vietnam_road_sign_I445f.svg.png,4
I.445g,Đoạn đường hay xảy ra tai nạn,"Cảnh báo đoạn đường nguy hiểm, thường xảy ra tai nạn, cần đặc biệt chú ý và giảm tốc.",https://upload.wikimedia.org/wikipedia/commons/thumb/c/c2/Vietnam_road_sign_I445g.svg/1024px-Vietnam_road_sign_I445g.svg.png,4
I.445h,Xuống dốc liên tục,"Cảnh báo sắp đến đoạn đường dốc dài, cần kiểm soát tốc độ và sử dụng số thấp.",https://upload.wikimedia.org/wikipedia/commons/thumb/3/38/Vietnam_road_sign_I445h.svg/1024px-Vietnam_road_sign_I445h.svg.png,4
I.446,Nơi đỗ xe dành cho người khuyết tật,"Để báo hiệu nơi đỗ xe dành cho người khuyết tật. Biển đặt tại vị trí thích hợp có thể sử dụng kết hợp với biển P.131a ""Cấm đỗ xe"" và biển số I.408 ""Nơi đỗ xe"".",https://upload.wikimedia.org/wikipedia/commons/thumb/7/79/Vietnam_road_sign_I446.svg/1024px-Vietnam_road_sign_I446.svg.png,4
I.447,Biển báo cầu vượt liên thông,Biển đặt tại vị trí trước khi vào cầu vượt có tổ chức giao thông liên thông giữa các tuyến.,,4
I.448,Làn đường cứu nạn hay làn thoát xe khẩn cấp,"Biển chỉ dẫn gồm 4 cặp biển ở các cự ly 2 km, 1 km, 300 m và tại chỗ rẽ nhằm chỉ dẫn cho người tham gia giao thông biết vị trí và khoảng cách có làn cứu nạn. Vị trí biển đặt ở vị trí thuận lợi, dễ quan sát, cự lý có thể điều chỉnh cho phù hợp. Nếu sơ đồ, cự ly hình thái vị trí làn đường cứu nạn không phù hợp với hình vẽ trên các biển I.448 thì phải điều chỉnh hình vẽ cho phù hợp. Để tránh nhầm lẫn giữa đường chính và đường cứu nạn sử dụng cột cần vươn 2 bên đặt tại góc tiếp giáp giữa đường cứu nạn và đường chính để chỉ rõ hướng đường.",https://upload.wikimedia.org/wikipedia/commons/thumb/4/49/Vietnam_road_sign_I448.svg/1024px-Vietnam_road_sign_I448.svg.png,4
I.449,Biển tên đường,"Để báo tên đường cho các tuyến đường đối ngoại. Biển I.449 có nền màu xanh đậm, chữ màu trắng.",https://upload.wikimedia.org/wikipedia/commons/thumb/9/95/Vietnam_road_sign_I449.svg/1024px-Vietnam_road_sign_I449.svg.png,4
IE.450a,Khoảng cách đến nút giao với đường dẫn vào đường cao tốc,"Chỉ dẫn khoảng cách đến nút giao với đường dẫn vào đường cao tốc, dùng để báo trước khoảng cách sắp đến nút giao với đường dẫn vào đường cao tốc, với khoảng cách ghi trên biển quy về bội số của 100 m.",https://upload.wikimedia.org/wikipedia/commons/thumb/6/69/Vietnam_road_sign_IE450a.svg/1024px-Vietnam_road_sign_IE450a.svg.png,5
IE.450b,Sơ đồ đến nút giao với đường dẫn vào đường cao tốc,Chỉ dẫn hướng đi vào đường cao tốc sắp tới.,https://upload.wikimedia.org/wikipedia/commons/thumb/8/87/Vietnam_road_sign_IE450b.svg/1024px-Vietnam_road_sign_IE450b.svg.png,5
IE.451a,Khoảng cách đến lối vào đường cao tốc,Dùng để báo trước khoảng cách đến lối vào đường cao tốc.,https://upload.wikimedia.org/wikipedia/commons/thumb/d/d3/Vietnam_road_sign_IE451a.svg/1024px-Vietnam_road_sign_IE451a.svg.png,5
IE.451b,Lối vào đường cao tốc,"Biển này đặt ở vị trí cuối đường dẫn vào đường cao tốc.
",https://upload.wikimedia.org/wikipedia/commons/thumb/1/1c/Vietnam_road_sign_IE451b.svg/1024px-Vietnam_road_sign_IE451b.svg.png,5
IE.452,Bắt đầu đường cao tốc,"Chỉ dẫn bắt đầu đường cao tốc. Biển này được thể hiện trên nền xanh lá cây, chữ màu trắng, bao gồm các thông tin về tên và ký hiệu đường cao tốc, giá trị hạn chế tốc độ tối đa và tốc độ tối thiểu.",https://upload.wikimedia.org/wikipedia/commons/thumb/2/25/Vietnam_road_sign_IE452.svg/1024px-Vietnam_road_sign_IE452.svg.png,5
IE.453a,Khoảng cách đến điểm kết thúc đường cao tốc,Chỉ dẫn khoảng cách đến điểm kết thúc đường cao tốc.,https://upload.wikimedia.org/wikipedia/commons/thumb/1/14/Vietnam_road_sign_IE453a.svg/1024px-Vietnam_road_sign_IE453a.svg.png,5
IE.453b,Điểm kết thúc đường cao tốc,Chỉ dẫn điểm kết thúc đường cao tốc,https://upload.wikimedia.org/wikipedia/commons/thumb/9/9a/Vietnam_road_sign_IE453b.svg/1024px-Vietnam_road_sign_IE453b.svg.png,5
IE.454,Khoảng cách đến lối ra phía trước,Chỉ dẫn khoảng cách đến lối ra phía trước.,https://upload.wikimedia.org/wikipedia/commons/thumb/c/c8/Vietnam_road_sign_IE454.svg/1024px-Vietnam_road_sign_IE454.svg.png,5
IE.455,Khoảng cách đến các lối ra tiếp theo,Chỉ dẫn khoảng cách đến các lối ra tiếp theo.,https://upload.wikimedia.org/wikipedia/commons/thumb/b/b3/Vietnam_road_sign_IE455.svg/1024px-Vietnam_road_sign_IE455.svg.png,5
IE.456a,Khoảng cách đến trạm dừng nghỉ,Chỉ dẫn khoảng cách đến nơi đỗ xe trong trạm dừng nghỉ được lắp đặt cùng với biển chỉ dẫn đến trạm dừng nghỉ,https://upload.wikimedia.org/wikipedia/commons/thumb/6/61/Vietnam_road_sign_IE456a.svg/1024px-Vietnam_road_sign_IE456a.svg.png,5
IE.456b,Hướng rẽ đến trạm dừng nghỉ,"Chỉ dẫn hướng rẽ vào trạm dừng nghỉ, đặt cách nút giao vào trạm dừng nghỉ khoảng 150 m.",https://upload.wikimedia.org/wikipedia/commons/thumb/0/0f/Vietnam_road_sign_IE456b.svg/1024px-Vietnam_road_sign_IE456b.svg.png,5
IE.456c,Lối vào trạm dừng nghỉ,"Chỉ dẫn lối vào trạm dừng nghỉ, đặt ngay trước lối vào trạm dừng nghỉ.",https://upload.wikimedia.org/wikipedia/commons/thumb/c/ce/Vietnam_road_sign_IE456c.svg/1024px-Vietnam_road_sign_IE456c.svg.png,5
IE.457a,Khoảng cách đến nơi đỗ xe trong trạm dừng nghỉ,Chỉ dẫn khoảng cách đến nơi đỗ xe trong trạm dừng nghỉ.,https://upload.wikimedia.org/wikipedia/commons/thumb/4/41/Vietnam_road_sign_IE457a.svg/1024px-Vietnam_road_sign_IE457a.svg.png,5
IE.457b,Hướng rẽ đến vị trí bãi đỗ xe trong trạm dừng nghỉ,Chỉ dẫn hướng rẽ đến vị trí bãi đỗ xe trong trạm dừng nghỉ.,https://upload.wikimedia.org/wikipedia/commons/thumb/a/a0/Vietnam_road_sign_IE457b.svg/1024px-Vietnam_road_sign_IE457b.svg.png,5
IE.458,Khoảng cách đến các trạm dừng nghỉ tiếp theo,"Chỉ dẫn khoảng cách đến các trạm dừng nghỉ tiếp theo. Biển này được đặt tại vị trí ngay sau khi ra khỏi trạm dừng nghỉ, bên lề đường ",https://upload.wikimedia.org/wikipedia/commons/thumb/f/f7/Vietnam_road_sign_IE458.svg/1024px-Vietnam_road_sign_IE458.svg.png,5
IE.459a,"Khoảng cách đến khu tham quan, du lịch","Chỉ dẫn khoảng cách đến đến khu du lịch, khu danh lam thắng cảnh. Được đặt ở bên lề đường",https://upload.wikimedia.org/wikipedia/commons/thumb/d/df/Vietnam_road_sign_IE459a.svg/1024px-Vietnam_road_sign_IE459a.svg.png,5
IE.459b,"Hướng rẽ vào khu tham quan, du lịch","Chỉ dẫn hướng rẽ vào khu tham quan, du lịch, đặt cách nút giao vào khu tham quan, du lịch khoảng 150 m.",https://upload.wikimedia.org/wikipedia/commons/thumb/e/ef/Vietnam_road_sign_IE459b.svg/1024px-Vietnam_road_sign_IE459b.svg.png,5
IE.460a,Cột kilômét (một chữ số),Chỉ dẫn cột kilômét trên đường cao tốc đặt tại lề đường tương ứng với số ghi trên biển,https://upload.wikimedia.org/wikipedia/commons/thumb/2/23/Vietnam_road_sign_IE460a.svg/1024px-Vietnam_road_sign_IE460a.svg.png,5
IE.460b,Cột kilômét (hai chữ số),Chỉ dẫn cột kilômét trên đường cao tốc đặt tại lề đường tương ứng với số ghi trên biển,https://upload.wikimedia.org/wikipedia/commons/thumb/1/16/Vietnam_road_sign_IE460b.svg/1024px-Vietnam_road_sign_IE460b.svg.png,5
IE.460c,Cột kilômét (ba chữ số),Chỉ dẫn cột kilômét trên đường cao tốc đặt tại lề đường tương ứng với số ghi trên biển,https://upload.wikimedia.org/wikipedia/commons/thumb/3/31/Vietnam_road_sign_IE460c.svg/1024px-Vietnam_road_sign_IE460c.svg.png,5
IE.461a,"Khoảng cách đến khu dịch vụ công cộng, giải trí","Các biển này chỉ được sử dụng khi có yêu cầu (định hướng cho người điều khiển phương tiện giao thông tới các nơi có phục vụ công cộng như sân bay, ga tàu hoả, bến xe khách, bến cảng, bến tàu thủy,… hay đến nơi có dịch vụ giải trí như sân gôn, khu câu cá, bãi tắm biển, khu rừng sinh thái. Biển này được lắp đặt bên lề đường, gần khu vực nút giao rẽ vào nơi cung cấp dịch vụ.",https://upload.wikimedia.org/wikipedia/commons/thumb/7/71/Vietnam_road_sign_IE461a.svg/1024px-Vietnam_road_sign_IE461a.svg.png,5
IE.461b,"Hướng rẽ đến khu dịch vụ công cộng, giải trí","Các biển này chỉ được sử dụng khi có yêu cầu (định hướng cho người điều khiển phương tiện giao thông tới các nơi có phục vụ công cộng như sân bay, ga tàu hoả, bến xe khách, bến cảng, bến tàu thủy,… hay đến nơi có dịch vụ giải trí như sân gôn, khu câu cá, bãi tắm biển, khu rừng sinh thái. Biển này được lắp đặt bên lề đường, gần khu vực nút giao rẽ vào nơi cung cấp dịch vụ.",https://upload.wikimedia.org/wikipedia/commons/thumb/f/f6/Vietnam_road_sign_IE461b.svg/1024px-Vietnam_road_sign_IE461b.svg.png,5
IE.461c,Hướng rẽ vào khu dịch vụ công cộng,"Các biển này chỉ được sử dụng khi có yêu cầu (định hướng cho người điều khiển phương tiện giao thông tới các nơi có phục vụ công cộng như sân bay, ga tàu hoả, bến xe khách, bến cảng, bến tàu thủy,… hay đến nơi có dịch vụ giải trí như sân gôn, khu câu cá, bãi tắm biển, khu rừng sinh thái. Biển này được lắp đặt bên lề đường, gần khu vực nút giao rẽ vào nơi cung cấp dịch vụ.",https://upload.wikimedia.org/wikipedia/commons/thumb/3/3c/Vietnam_road_sign_IE461c.svg/1024px-Vietnam_road_sign_IE461c.svg.png,5
IE.461d,Hướng rẽ vào khu giải trí,Chỉ dẫn hướng rẽ để đi vào khu vực giải trí.,https://upload.wikimedia.org/wikipedia/commons/thumb/7/7d/Vietnam_road_sign_IE461d.svg/1024px-Vietnam_road_sign_IE461d.svg.png,5
IE.462,Tần số trên sóng radio,Biển chỉ dẫn thể hiện tần số sóng radio để phát thông tin thời tiết và các thông tin tiện ích liên quan đến giao thông trên đường cao tốc.,https://upload.wikimedia.org/wikipedia/commons/thumb/a/a5/Vietnam_road_sign_IE462.svg/1024px-Vietnam_road_sign_IE462.svg.png,5
IE.463a,Khoảng cách đến trạm kiểm tra tải trọng xe,Chỉ dẫn khoảng cách đến trạm kiểm tra tải trọng xe.,https://upload.wikimedia.org/wikipedia/commons/thumb/e/e7/Vietnam_road_sign_IE463a.svg/1024px-Vietnam_road_sign_IE463a.svg.png,5
IE.463b,Hướng rẽ vào nơi đặt trạm kiểm tra tải trọng xe,Chỉ dẫn hướng rẽ vào nơi đặt trạm kiểm tra tải trọng xe.,https://upload.wikimedia.org/wikipedia/commons/thumb/0/03/Vietnam_road_sign_IE463b.svg/1024px-Vietnam_road_sign_IE463b.svg.png,5
IE.463c,Lối vào trạm kiểm tra tải trọng xe,Chỉ lối vào trạm kiểm tra tải trọng xe được đặt ở nút giao giữa đường cao tốc và đường vào trạm kiểm tra tải trọng xe.,https://upload.wikimedia.org/wikipedia/commons/thumb/1/1e/Vietnam_road_sign_IE463c.svg/1024px-Vietnam_road_sign_IE463c.svg.png,5
IE.465,Địa điểm và khoảng cách,"Chỉ dẫn địa điểm và khoảng cách, bao gồm hai hoặc ba dòng mang tên của đích đến và khoảng cách tới đích đó tính bằng kilômét. Dòng thứ nhất (dòng trên cùng) xác định vị trí nút giao đến địa danh gần nhất. Dòng thứ hai (nếu có) xác định khoảng cách đến khu du lịch giải trí hoặc đầu mối giao thông lớn. Dòng thứ ba (dòng cuối cùng) chỉ dẫn khoảng cách đến thành phố lớn (cấp cao nhất) mà tuyến đường đi qua. Biển này được đặt ở bên lề đường ngay khi vào đường cao tốc và sẽ được lặp lại với khoảng cách lớn hơn 10 km.",http://batgt.camau.gov.vn/gallery/22-06-2017(6)3.png,5
IE.466,Sơ đồ lối ra một chiều,"Chỉ dẫn sơ đồ lối ra một chiều tại tất cả các nút giao trên đường cao tốc, được bố trí ở trên giá long môn.",https://upload.wikimedia.org/wikipedia/commons/thumb/c/c1/Vietnam_road_sign_IE466.svg/1024px-Vietnam_road_sign_IE466.svg.png,5
IE.467a,Nhập làn,Được sử dụng để chỉ dẫn cho người điều khiển phương tiện giao thông biết trước sắp đến vị trí nhập làn xe.,https://upload.wikimedia.org/wikipedia/commons/thumb/a/a6/Vietnam_road_sign_IE467a.svg/1024px-Vietnam_road_sign_IE467a.svg.png,5
IE.467b,Vị trí nhập làn xe,Biển chỉ dẫn vị trí nhập làn được đặt bên lề đường gần vị trí nút giao tại điểm nhập làn xe.,https://upload.wikimedia.org/wikipedia/commons/thumb/d/d6/Vietnam_road_sign_IE467b.svg/1024px-Vietnam_road_sign_IE467b.svg.png,5
IE.468a,"Chướng ngại vật phía trước, đi theo hướng bên trái",Chỉ dẫn chướng ngại vật phía trước để báo cảnh báo phía trước có sự cản trở lưu thông bình thường (nằm bên trong phần xe chạy hay ngay sát phần đường xe chạy) và chỉ dẫn hướng đi qua đó cần đặt biển.,https://upload.wikimedia.org/wikipedia/commons/thumb/7/7d/Vietnam_road_sign_IE468a.svg/1024px-Vietnam_road_sign_IE468a.svg.png,5
IE.468b,"Chướng ngại vật phía trước, đi được cả 2 hướng",Chỉ dẫn chướng ngại vật phía trước để báo cảnh báo phía trước có sự cản trở lưu thông bình thường (nằm bên trong phần xe chạy hay ngay sát phần đường xe chạy) và chỉ dẫn hướng đi qua đó cần đặt biển.,https://upload.wikimedia.org/wikipedia/commons/thumb/9/93/Vietnam_road_sign_IE468b.svg/1024px-Vietnam_road_sign_IE468b.svg.png,5
IE.468c,"Chướng ngại vật phía trước, đi theo hướng bên phải",Chỉ dẫn chướng ngại vật phía trước để báo cảnh báo phía trước có sự cản trở lưu thông bình thường (nằm bên trong phần xe chạy hay ngay sát phần đường xe chạy) và chỉ dẫn hướng đi qua đó cần đặt biển.,https://upload.wikimedia.org/wikipedia/commons/thumb/d/dd/Vietnam_road_sign_IE468c.svg/1024px-Vietnam_road_sign_IE468c.svg.png,5
IE.469a,Hướng rẽ phải,"Chỉ dẫn hướng rẽ để nhắc người điều khiển phương tiện chuẩn bị đổi hướng đi khi sắp vào đường cong nguy hiểm, có bán kính cong nhỏ.",https://upload.wikimedia.org/wikipedia/commons/thumb/b/b8/Vietnam_road_sign_IE469a.svg/1024px-Vietnam_road_sign_IE469a.svg.png,5
IE.469b,Hướng rẽ trái,"Chỉ dẫn hướng rẽ để nhắc người điều khiển phương tiện chuẩn bị đổi hướng đi khi sắp vào đường cong nguy hiểm, có bán kính cong nhỏ.",https://upload.wikimedia.org/wikipedia/commons/thumb/1/14/Vietnam_road_sign_IE469b.svg/1024px-Vietnam_road_sign_IE469b.svg.png,5
IE.470,Số điện thoại khẩn cấp,"Cung cấp số điện thoại khẩn cấp cho người điều khiển phương tiện giao thông trong trường hợp khẩn cấp, xảy ra sự cố, tai nạn trên đường cao tốc. Biển này được lắp đặt bên lề đường.",https://upload.wikimedia.org/wikipedia/commons/thumb/f/f7/Vietnam_road_sign_IE470.svg/1024px-Vietnam_road_sign_IE470.svg.png,5
IE.471,Giữ khoảng cách lái xe an toàn,Biển này thông báo cho người điều khiển phương tiện biết để giữ khoảng cách lái xe an toàn khi lưu thông trên đường cao tốc.,https://upload.wikimedia.org/wikipedia/commons/thumb/1/16/Vietnam_road_sign_IE471.svg/1024px-Vietnam_road_sign_IE471.svg.png,5
IE.472a,Khoảng cách đến trạm thu phí,Được đặt cách trạm thu phí với một khoảng cách phù hợp nhằm thông báo cho người điều khiển phương tiện biết trước chuẩn bị đến trạm thu phí.,https://upload.wikimedia.org/wikipedia/commons/thumb/c/cc/Vietnam_road_sign_IE472a.svg/1024px-Vietnam_road_sign_IE472a.svg.png,5
IE.472b,Trạm thu phí,"Được đặt ở trạm thu phí, thông báo cho người điều khiển phương tiện biết trước chuẩn bị đến trạm thu phí.",https://upload.wikimedia.org/wikipedia/commons/thumb/2/28/Vietnam_road_sign_IE472b.svg/1024px-Vietnam_road_sign_IE472b.svg.png,5
IE.472c,Thu phí không dừng,"Thông báo làn đường áp dụng hệ thống thu phí tự động, không cần dừng xe.",https://upload.wikimedia.org/wikipedia/commons/thumb/b/b3/Vietnam_road_sign_IE472c.svg/1024px-Vietnam_road_sign_IE472c.svg.png,5
IE.472d,Rút thẻ,Hướng dẫn lái xe rút thẻ tại trạm thu phí.,https://upload.wikimedia.org/wikipedia/commons/thumb/1/17/Vietnam_road_sign_IE472d.svg/1024px-Vietnam_road_sign_IE472d.svg.png,5
IE.472e,Thu phí,Thông báo khu vực thu phí đường bộ.,https://upload.wikimedia.org/wikipedia/commons/thumb/7/71/Vietnam_road_sign_IE472e.svg/1024px-Vietnam_road_sign_IE472e.svg.png,5
IE.473,Giảm tốc độ,Cảnh báo cho người điều khiển phương tiện chú ý lái xe và giảm tốc độ tại khu vực có nguy cơ mất an toàn giao thông.,https://upload.wikimedia.org/wikipedia/commons/thumb/9/9c/Vietnam_road_sign_IE473.svg/1024px-Vietnam_road_sign_IE473.svg.png,5
IE.474,Lối ra đường cao tốc,"Chỉ dẫn lối ra đường cao tốc, được đặt bên lề đường hoặc trên giá kiểu khung tại vị trí trước lối ra đường cao tốc.",https://upload.wikimedia.org/wikipedia/commons/thumb/2/2d/Vietnam_road_sign_IE474.svg/1024px-Vietnam_road_sign_IE474.svg.png,5
S.501,Phạm vi tác dụng của biển,Để thông báo chiều dài đoạn đường nguy hiểm hoặc cấm hoặc hiệu lệnh hoặc hạn chế bên dưới một số biển báo chính) Chiều dài đoạn nguy hiểm hoặc cấm hoặc hạn chế ghi theo đơn vị mét (m) và lấy chẵn đến hàng chục mét.,https://upload.wikimedia.org/wikipedia/commons/thumb/5/5a/Vietnam_road_sign_S501.svg/1024px-Vietnam_road_sign_S501.svg.png,6
S.502,Khoảng cách đến đối tượng báo hiệu,Để thông báo khoảng cách thực tế từ vị trí đặt biển đến đối tượng báo hiệu ở phía trước. Con số trên biển ghi theo đơn vị mét (m) và lấy chẵn đến hàng chục mét.,https://upload.wikimedia.org/wikipedia/commons/thumb/6/63/Vietnam_road_sign_S502.svg/1024px-Vietnam_road_sign_S502.svg.png,6
S.503a,Hướng tác dụng của biển (bên phải),"Các biển số 503(a,b,c) đặt bên dưới các biển báo cấm, biển hiệu lệnh để chỉ hướng tác dụng của biển là hướng vuông góc với chiều đi.",https://upload.wikimedia.org/wikipedia/commons/thumb/8/8f/Vietnam_road_sign_S503a.svg/1024px-Vietnam_road_sign_S503a.svg.png,6
S.503b,Hướng tác dụng của biển (cả hai bên),"Các biển số 503(a,b,c) đặt bên dưới các biển báo cấm, biển hiệu lệnh để chỉ hướng tác dụng của biển là hướng vuông góc với chiều đi.",https://upload.wikimedia.org/wikipedia/commons/thumb/4/48/Vietnam_road_sign_S503b.svg/1024px-Vietnam_road_sign_S503b.svg.png,6
S.503c,Hướng tác dụng của biển (bên trái),"Các biển số 503(a,b,c) đặt bên dưới các biển báo cấm, biển hiệu lệnh để chỉ hướng tác dụng của biển là hướng vuông góc với chiều đi.",https://upload.wikimedia.org/wikipedia/commons/thumb/2/20/Vietnam_road_sign_S503c.svg/1024px-Vietnam_road_sign_S503c.svg.png,6
S.503d,Hướng tác dụng của biển (phía trước),"Các biển số 503(d,e,f) đặt bên dưới biển Cấm quay xe, Cấm dừng đỗ xe… để chỉ hướng tác dụng của biển là hướng song song với chiều đi.",https://anhsangviet.net/uploads/data/5149/files/products/Bien-bao-giao-thong/503d.jpg,6
S.503e,Hướng tác dụng của biển (cả trước và sau),"Các biển số 503(d,e,f) đặt bên dưới biển Cấm quay xe, Cấm dừng đỗ xe… để chỉ hướng tác dụng của biển là hướng song song với chiều đi.",https://anhsangviet.net/uploads/data/5149/files/products/Bien-bao-giao-thong/503-1.jpg,6
S.503f,Hướng tác dụng của biển (phía sau),"Các biển số 503(d,e,f) đặt bên dưới biển Cấm quay xe, Cấm dừng đỗ xe… để chỉ hướng tác dụng của biển là hướng song song với chiều đi.",https://anhsangviet.net/uploads/data/5149/files/products/Bien-bao-giao-thong/503f.jpg,6
S.504,Làn đường,Đặt bên trên làn đường và dưới các biển báo cấm và biển hiệu lệnh hay bên dưới đèn tín hiệu để chỉ làn đường chịu hiệu lực của biển báo hay đèn tín hiệu.,https://upload.wikimedia.org/wikipedia/commons/thumb/7/7b/Vietnam_road_sign_S504.svg/1024px-Vietnam_road_sign_S504.svg.png,6
S.505a,Loại xe,"Đặt bên dưới các biển báo cấm và biển hiệu lệnh hay biển chỉ dẫn để chỉ loại xe chịu hiệu lực của biển báo cấm, biển hiệu lệnh hay biển chỉ dẫn. Tùy theo loại xe chịu hiệu lực mà bố trí hình vẽ cho phù hợp.",https://upload.wikimedia.org/wikipedia/commons/thumb/7/71/Vietnam_road_sign_S505a.svg/1024px-Vietnam_road_sign_S505a.svg.png,6
S.505b,Loại xe hạn chế qua cầu,"Được đặt bên dưới biển báo số 106a ""Cấm ôtô tải"" để chỉ các loại xe tải chịu hiệu lực của biển báo và trọng lượng lớn nhất cho phép (bao gồm trọng lượng xe và hàng) tương ứng với mỗi loại xe không phụ thuộc vào số lượng trục.",https://upload.wikimedia.org/wikipedia/commons/thumb/2/29/Vietnam_road_sign_S505b.svg/1024px-Vietnam_road_sign_S505b.svg.png,6
Để thông báo chiều dài đoạn đường nguy hiểm hoặc cấm hoặc hiệu lệnh hoặc hạn chế bên dưới một số biển báo chính) Chiều dài đoạn nguy hiểm hoặc cấm hoặc han chế ghi theo đơn vị mét (m) và lấy chẫn đến hàng chục mét.,Tải trọng trục hạn chế qua cầu,"Được đặt bên dưới biển báo P.106a ""Cấm ôtô tải"" để chỉ các loại xe tải có tải  trọng  trục  lớn nhất cho phép tương ứng với mỗi loại  trục (trục đơn, trục kép, trục ba).",https://upload.wikimedia.org/wikipedia/commons/thumb/c/c7/Vietnam_road_sign_S505c.svg/1024px-Vietnam_road_sign_S505c.svg.png,6
S.506a,Hướng đường ưu tiên,Được đặt bên dưới biển chỉ dẫn I.401 trên đường ưu tiên để chỉ dẫn cho người lái xe trên đường này biết hướng đường ưu tiên ở ngã tư.,https://upload.wikimedia.org/wikipedia/commons/thumb/4/4b/Vietnam_road_sign_S506a.svg/1024px-Vietnam_road_sign_S506a.svg.png,6
S.506b,Hướng đường ưu tiên,Biển số S.506b được đặt bên dưới biển W.208 và biển P.122 trên đường không ưu tiên để chỉ dẫn cho người lái xe trên đường này biết hướng đường ưu tiên ở ngã tư.,https://anhsangviet.net/uploads/data/5149/files/products/Bien-bao-giao-thong/506b.jpg,6
S.507,Hướng rẽ,Được sử dụng độc lập để báo trước cho người tham gia giao thông biết chuẩn bị đến chỗ rẽ nguy hiểm và để chỉ hướng rẽ.,https://upload.wikimedia.org/wikipedia/commons/thumb/1/10/Vietnam_road_sign_S507.svg/1024px-Vietnam_road_sign_S507.svg.png,6
S.508,Biểu thị thời gian,"Được đặt dưới biển báo cấm hoặc biển hiệu lệnh nhằm quy định phạm vi thời gian hiệu lực của các biển báo cấm, biển hiệu lệnh cho phù hợp yêu cầu.",https://upload.wikimedia.org/wikipedia/commons/thumb/1/11/Vietnam_road_sign_S508b.svg/1024px-Vietnam_road_sign_S508b.svg.png,6
S.509a,Chiều cao an toàn,"Để bổ sung cho biển số W.239a ""Đường cáp điện ở phía trên"", phải đặt biển S.509a ""Chiều cao an toàn"" bên dưới biển số W.239a, biển này chỉ rõ chiều cao cho các phương tiện đi qua an toàn.",https://upload.wikimedia.org/wikipedia/commons/thumb/e/e0/Vietnam_road_sign_S509a.svg/1024px-Vietnam_road_sign_S509a.svg.png,6
S.509b,Cấm đỗ xe,"Để bổ sung cho biển P.130 ""Cấm dừng, đỗ xe"", biển P.131 (a,b,c) ""Cấm đỗ xe""",https://upload.wikimedia.org/wikipedia/commons/thumb/a/ad/Vietnam_road_sign_S509b.svg/1024px-Vietnam_road_sign_S509b.svg.png,6
S.510,Chú ý đường trơn có băng tuyết,"Để cảnh báo đường trơn, có tuyết trong những ngày trời tuyết",https://upload.wikimedia.org/wikipedia/commons/thumb/e/e1/Vietnam_road_sign_S510.svg/1024px-Vietnam_road_sign_S510.svg.png,6
V.1.1,"Vạch phân chia hai chiều xe chạy, dạng vạch đơn, đứt nét",Dùng để phân chia hai chiều xe chạy ngược chiều nhau. Xe được phép cắt qua để sử dụng làn ngược chiều từ cả hai phía.,https://sathachmophong.com/wp-content/uploads/2022/12/Vach-1.1.png,7
V.1.2,"Vạch phân chia hai chiều xe chạy, dạng vạch đơn, nét liền","Dùng để phân chia hai chiều xe chạy ngược chiều, xe không được lấn làn, không được đè lên vạch.",https://sathachmophong.com/wp-content/uploads/2022/12/Vach-1.2.png,7
V.1.3,"Vạch phân chia hai chiều xe chạy, dạng vạch đôi, nét liền","Dùng để phân chia hai chiều xe chạy ngược chiều, xe không được lấn làn, không được đè lên vạch.",https://sathachmophong.com/wp-content/uploads/2022/12/Vach-1.3.png,7
V.1.4,"Vạch phân chia hai chiều xe chạy, dạng vạch đôi gồm một vạch nét liền, một vạch nét đứt",Dùng để phân chia hai chiều xe chạy ngược chiều. Xe trên làn đường tiếp giáp với vạch đứt nét được phép cắt qua và sử dụng làn ngược chiều khi cần thiết; xe trên làn đường tiếp giáp với vạch liền nét không được lấn làn hoặc đè lên vạch.,https://sathachmophong.com/wp-content/uploads/2022/12/Vach-1.4.png,7
V.1.5,Vạch xác định ranh giới làn đường có thể thay đổi hướng xe chạy,"Dùng để xác định ranh giới làn đường có thể thay đổi hướng xe chạy trên đó theo thời gian. Hướng xe chạy ở một thời điểm trên làn đường có thể đổi chiều được quy định bởi người điều khiển giao thông, tín hiệu đèn, biển báo hoặc các báo hiệu khác phù hợp.",https://cdn.luatvietnam.vn/uploaded/Images/Original/2020/07/29/1.5_2907141943.jpg,7
V.2.1,"Vạch phân chia các làn xe cùng chiều, dạng vạch đơn, đứt nét","Dùng để phân chia các làn xe cùng chiều. Trong trường hợp này, xe được phép thực hiện việc chuyển làn đường qua vạch 2.1.",https://cdn.luatvietnam.vn/uploaded/Images/Original/2020/07/06/2.1_0607125744.jpg,7
V.2.2,"Vạch phân chia các làn xe cùng chiều, dạng vạch đơn, liền nét","Dùng để phân chia các làn xe cùng chiều trong trường hợp không cho phép xe chuyển làn hoặc sử dụng làn khác; xe không được lấn làn, không được đè lên vạch.",https://cdn.luatvietnam.vn/uploaded/Images/Original/2020/07/06/2.2_0607125744.jpg,7
V.2.3,Vạch giới hạn làn đường dành riêng hoặc làn đường ưu tiên,"Vạch giới hạn làn đường dành riêng cho một loại xe cơ giới nhất định (vạch liền nét), các loại xe khác không được đi vào làn xe này trừ những trường hợp khẩn cấp theo Luật Giao thông đường bộ.
Vạch giới hạn làn đường ưu tiên cho một loại xe cơ giới nhất định (vạch đứt nét), các xe khác có thể sử dụng làn đường này nhưng phải nhường đường cho xe được ưu tiên sử dụng làn khi xuất hiện loại xe này trên làn xe.
Xe trên làn đường dành riêng hoặc làn đường ưu tiên có thể cắt qua các vạch này khi làn đường hoặc phần đường xe chạy liền kề không cấm sử dụng loại xe này.",https://cdn.luatvietnam.vn/uploaded/Images/Original/2020/07/06/2.3_0607125744.jpg,7
V.2.4,"Vạch phân chia các làn xe cùng chiều, dạng vạch kép (một vạch liền, một vạch đứt nét)","Dùng để phân chia các làn xe cùng chiều, xe trên làn đường tiếp giáp với vạch đứt nét được phép cắt qua khi cần thiết; xe trên làn đường tiếp giáp với vạch liền nét không được lấn làn hoặc đè lên vạch.",https://cdn.luatvietnam.vn/uploaded/Images/Original/2020/07/06/2.4_0607125744.jpg,7
V.3.1,Vạch giới hạn mép ngoài phần đường xe chạy hoặc vạch phân cách làn xe cơ giới và làn xe thô sơ,"Để xác định mép ngoài phần đường xe chạy; hoặc phân cách làn xe cơ giới và xe thô sơ, xe chạy được phép đè lên vạch khi cần thiết và phải nhường đường cho xe thô sơ.",http://batgt.camau.gov.vn/gallery/30-05-2017(7)3.png,7
V.4.2,Vạch kênh hóa dòng xe dạng chữ V,"Dùng để giới hạn các phần mặt đường không sử dụng cho xe chạy mà sử dụng để kênh hóa các dòng giao thông giao thông trên đường. Khi vạch 4.2 được sử dụng, các phương tiện giao thông phải đi theo tuyến đường quy định, không được lấn vạch hoặc cắt qua vạch trừ những trường hợp khẩn cấp theo quy định tại Luật Giao thông đường bộ.",https://cdn.thuvienphapluat.vn//uploads/Hoidapphapluat/2024/PVHM/Thang7/0701/vach-xuong-ca.jpg,7
V.4.4,Vạch kẻ kiểu mắt võng,Được sử dụng để báo cho người điều khiển không được dừng phương tiện trong phạm vi phần mặt đường có bố trí vạch để tránh ùn tắc giao thông.,https://cdn.luatvietnam.vn/uploaded/Images/Original/2020/07/06/4.4_0607125744.jpg,7
V.7.6,Vạch chỉ dẫn sắp đến chỗ bố trí vạch đi bộ qua đường,Để báo hiệu sắp đến chỗ có bố trí vạch đi bộ qua đường; đặc biệt đối với các chỗ bố trí vạch đi bộ qua đường ở giữa đoạn đường nối hai nút để cảnh báo người lái xe phải nhường đường cho người đi bộ qua đường.,https://image.luatvietnam.vn/uploaded/twebp/images/original/2022/04/27/Screenshot_3_2704100504.jpg,7
V.7.8,Vạch xác định khoảng cách xe trên đường,"Dùng để xác định khoảng cách trên đường, giúp cho lái xe biết cần phải giãn cách cự ly để đảm bảo an toàn với xe chạy phía trước. Vạch thường được sử dụng trên đường ô tô cao tốc ở những nơi hay xảy ra tai nạn do vượt xe hoặc đâm va từ phía sau hoặc ở những vị trí có yêu cầu đặc biệt. Vạch được sử dụng kèm biển báo ghi khoảng cách giữa các vạch theo phương dọc đường.",https://sathachmophong.com/wp-content/uploads/2022/12/Vach-7.8.png,7
V.9.2,Vạch quy định vị trí dừng đỗ của phương tiện giao thông công cộng trên đường,"Quy định vị trí dừng xe của các phương tiện vận tải hành khách công cộng trên đường như xe buýt, xe tắc xi... Các loại phương tiện khác và người đi bộ không được dừng, đồ trong phạm vi kẻ vạch và trong khoảng cách 15m từ vị trí vạch về hai phía theo phương dọc đường.",https://sathachmophong.com/wp-content/uploads/2022/12/Vach-9.2.png,7
V.9.3,Vạch mũi tên chỉ hướng trên mặt đường,"Vạch mũi tên chỉ hướng trên mặt đường được sử dụng để chỉ hướng xe phải đi, mũi tên chỉ hướng chủ yếu sử dụng ở các nút giao có tách nhập làn và trên đường có nhiều làn xe, mũi tên cũng có thể được sử dụng cho các phần đường xe chạy 1 chiều để xác nhận hướng giao thông.",https://sathachmophong.com/wp-content/uploads/2022/12/Vach-9.3.png,7